"akatia__Auto_Merge__c","Billing_Name__c","akatia__Commodity_Group_Code__c","akatia__SubGroup_Code__c","akatia__Description__c","akatia__DNGenerate_Putaway__c","akatia__Serial_Mgt__c","Name","akatia__Item__c"
"true","10m Starlink  Mini USB-C to DC Power Cable","Item","Accessory","10m Starlink  Mini USB-C to DC Power Cable","false","false","10mMiniUSB-CtoDCPC","x"
"true","15m Starlink Mini Ethernet Cable","Item","Accessory","15m Starlink Mini Ethernet Cable","false","false","15mMiniEC","x"
"true","30m Starlink Mini DC Power Cable","Item","Accessory","30m Starlink Mini DC Power Cable","false","false","30mMiniDCPC","x"
"true","Wall Adapter","Item","Accessory","4XEM Charging Adapter","false","false","4XEMCA","873791005437"
"true","Ailkin Wall Charger","Item","Accessory","Ailkin Wall Charger","false","false","AWC","X002XSU8GJ"
"false","AirCard 791L","Asset","Aircard","AirCard 791L","false","true","AirCard791L",""
"true","Aircard","Asset","Aircard","Aircard: Undefined","false","false","ACU","x111111111118"
"true","Generic Android Phone Case","Item","Accessory","Android Case: Generic","false","false","ACG","8788787878"
"true","Anker Car Charger","Item","Accessory","Anker Car Charger","false","false","ACC","x111111111128"
"false","Airpods","Item","Accessory","Apple AirPods 4","false","false","AAP4","195949689604"
"true","Apple AirPods","Item","Accessory","Apple AirPods: Generic","false","false","AAPG","x111111111111"
"true","Charging Cable","Item","Accessory","Apple Lightning Charging Cable","false","false","APLLC","1234567899"
"true","Apple Magic Keyboard Folio","Item","Accessory","Apple Magic Keyboard Folio for iPad A16/10th (White)","false","false","iPMKFforA16W","194253417279"
"true","Apple Magic Keyboard iPad Pro 13"" (M4/M5)","Item","Accessory","Apple Magic Keyboard iPad Pro 13"" (M4/M5)","false","false","AMKiPadPro13M4/M5","x111111111128"
"true","Apple Pencil Pro","Item","Accessory","Apple Pencil Pro","false","false","ApPPro","195949573040"
"true","Apple Pencil","Item","Accessory","Apple Pencil: Generic","false","false","APG","x111111111111"
"true","Apple Wall Charger","Item","Accessory","Apple USB-A Wall Charger","false","false","AUAWC","666666666666666"
"true","Apple USB-C 240W Charging Cable (2m)","Item","Accessory","Apple USB-C 240W Charging Cable (2m)","false","false","APUSB-C240WCC","195949775352"
"true","Charging Cable","Item","Accessory","Apple USB-C Lightning Cable","false","false","APLUSBCC","195949085581"
"true","Wall Adapter","Item","Accessory","Apple USB-C Power Adapter","false","false","AUSBCPA","194252156940"
"true","Wall Adapter","Item","Accessory","Apple USB-C Wall Charger","false","false","APLEUSBCAC","195949537110"
"true","Apple Watch Ultra 3","Item","Wearable","Apple Watch Ultra 3","false","false","APLWatchU3","15326123"
"false","ARCHIVE","Asset","Apple-iPhone","ARCHIVE","false","true","iP17PM258GB","ARCHIVE"
"true","AT&T Cable","Item","Accessory","AT&T 4' Braided Cable USB-C to USB-C","false","false","A4'BCUU","033991106710"
"true","AT&T 30W Wall Charger","Item","Accessory","AT&T Fast Charge 30W Wall Charger","false","false","AFC30WWC","738516572079"
"true","AT&T Wall Charger","Item","Accessory","AT&T Fast Charge 30W Wall Charger Black","false","false","AFC30WWCB","738516572338"
"false","AT&T GO LINK AIRCARD","Asset","Aircard","AT&T GO LINK AIRCARD","false","true","ATTGOL","X80000000000000043"
"false","AT&T GoLink 5G Hotspot 32GB","Asset","Aircard","AT&T GoLink 5G Hotspot 32GB","false","true","AT&TGLH32GB","850050719618"
"true","Sim Card","Item","Accessory","AT&T SIM Card","false","false","ATTSIM","607376028746"
"true","AT&T Charger Bundle","Item","Accessory","AT&T USB-C to USB-C Cable Wall Charger Bundle","false","false","AUCTUCCWCB","738516101026"
"true","Wall Adapter","Item","Accessory","Belkin 20W USB-C Wall Charger","false","false","B20WUSBCWC","745883920600"
"true","Wall Adapter","Item","Accessory","Belkin 30W USB-C Wall Charger","false","false","B30WUSBCWC","745883880409"
"true","Belkin Screen Protector","Item","Accessory","Belkin Blue Light Protector iPhone 16/15/14 Pro","false","false","BBLPiP16/15/14 Pro","745883897490"
"true","Wall Adapter","Item","Accessory","Belkin BoostCharge Compact USB-C Wall Charger 30W","false","false","BBCCUSBCWC30W","745883920648"
"true","Belkin USB-A to USB-C Cable 15W","Item","Accessory","Belkin BoostCharge Pro USB-A to USB-C 15W","false","false","BBCPUAtUC15W","745883915293"
"true","Charging Cable","Item","Accessory","Belkin BoostCharge USB-A to USB-C Cable 15W","false","false","BBCUAUCC15W","745883915224"
"true","Belkin USB-C to Lightning","Item","Accessory","Belkin BoostCharge USB-C to Lighting 30W 3.3'","false","false","BBCUCtUC30W3.3'","745883879953"
"true","Belkin USB-C Charging Cable 60W 3.3'","Item","Accessory","Belkin BoostCharge USB-C to USB-C 60W 3.3'","false","false","BBCUCtUC60W3.3'","745883879977"
"true","Wall Adapter","Item","Accessory","Belkin BoostCharge USB-C Wall Adaptor 20W","false","false","BBCUSBCWA20W","745883825356"
"true","Wall Charger","Item","Accessory","Belkin BoostCharge USB-C Wall Charger 20W","false","false","BBCUSBCWC20W","745883880430"
"true","Charging Cable","Item","Accessory","Belkin Braided USB-C To USB-C Cable 60W","false","false","BBUSBCTUSBCC60W","745883917129"
"true","Belkin Braided USB-C To USB-C Cable 60W","Item","Accessory","Belkin Braided USB-C To USB-C Cable 60W","false","false","BBUSBCTUSBCC60W2","745883917136"
"false","Car Charger","Asset","Accessory","Belkin Dual Car Charger 42W","false","false","BDCC42W","745883920631"
"true","Screen Protector","Item","Accessory","Belkin ScreenForce InvisiGlass Blue Light Filter Screen Protector For iPhone 17/16 Pro","false","false","BSFIGBLFSPFiP17/16P","745883897551"
"true","Screen Protector","Item","Accessory","Belkin ScreenForce InvisiGlass Screen Protector For iPhone 17/16 Pro","false","false","BSFIGSPFiP17/16P","745883955060"
"true","Belkin Screen Protector for iPhone 17/16 Pro","Item","Accessory","Belkin ScreenForce InvisiGlass Screen Protector for iPhone 17/iPhone16 Pro","false","false","BSFIGSPFiP17/iP16P","745883934607"
"true","Belkin Screen Protector","Item","Accessory","Belkin ScreenForce IvisiGlass Screen Protector for iPhone 17 Pro Max","false","false","BSFIGSP17ProMax","745883934638"
"true","Belkin Screen Protector 2-Pack","Item","Accessory","Belkin ScreenForce TemperedGlass Screen Protector 2-Pack","false","false","BSFTGSP2P","745883897650"
"true","Belkin Wireless Earbuds","Item","Accessory","Belkin SoundForm Rhythm True Wireless Earbuds","false","false","BSfRTWE","745883878192"
"true","USB C Charging Bund","Item","Accessory","Belkin USB C Charging Bundle","false","false","BKUSCBCB","x111111111128"
"true","Car Adapter","Item","Accessory","Belkin USB-C Car Charger 30W","false","false","BUSBCCC30W","745883880393"
"false","Wall Adapter","Asset","Accessory","Belkin USB-C Fast Charging Duo 30W","false","false","BUSB-CFCD30W","745883924943"
"true","Wall Adapter","Item","Accessory","Belkin USB-C Wall Charger 45W","false","false","BUSBCWC45W","745883920655"
"true","Belkin Wireless Earbuds","Item","Accessory","Belkin Wireless Earbuds","false","false","BWEar","x111111111129"
"true","BelkinCarCharger","Item","Accessory","BelkinCarCharger","false","false","BCarC","x111111111130"
"false","BlackBerry Curve 8310","Asset","Basic Phone","BlackBerry Curve 8310","false","true","BBC8310","843163018655"
"true","Bluetooth Headset","Item","Accessory","Bluetooth Headset: Generic","false","false","BHG","x111111111111"
"true","Body Guardz Screen Protector iPhone 14/13/13 Pro","Item","Accessory","Body Guardz Pure 3 Privacy iPhone 14/13/13Pro","false","false","BGP3PiP14/13/13P","846237077015"
"true","Car Charger","Item","Accessory","Car Charger - Lightning","false","false","CarAC","1234567899"
"true","Car Charger","Item","Accessory","Car Charger: Generic","false","false","CarCG","x111111111115"
"true","Case Mate iPad Air Case","Item","Accessory","Case Mate Tuxedo Folio iPad Air 2022","false","false","CMTFiPA2022","849944072335"
"true","Cellairis Screen Protector iPhone 14/13 Pro/13","Item","Accessory","Cellairis Screen Protector iPhone 14/13 Pro/13","false","false","CSPiP14/13P/13","842932189817"
"true","Charging Cable","Item","Accessory","Charger Cable: Generic","false","false","CCG","x111111111128"
"true","Codi 20W Dual Port Car Charger","Item","Accessory","Codi 20W Dual Port Car Charger","false","false","C20WDPCC","633886014757"
"true","CODI Rugged Case for iPad","Item","Accessory","CODi Rugged Case for iPad 10.9"" Gen 10/iPad A16","false","false","CRCFiPG10iPA16","633886016003"
"false","Franklin A50","Asset","Aircard","Franklin A50","false","true","FranklinA50",""
"false","Franklin A70 Aircard","Asset","Aircard","Franklin A70 Aircard","false","true","FranklinA70","7539514862"
"false","Galaxy A17 128GB Black","Asset","Android-Phone","Galaxy A17 128GB Black","false","true","GA17128GBB","887276901459"
"false","Galaxy A17 128GB Light Blue","Asset","Android-Phone","Galaxy A17 128GB Light Blue","false","true","GA17128GBLB","887276901466"
"false","Galaxy A37","Asset","Android-Phone","Galaxy A37","false","true","SGA37","x111111111113"
"false","Galaxy A37 128GB Awesome Charcoal","Asset","Android-Phone","Galaxy A37 128GB Awesome Charcoal","false","true","GA37128GBAC","887276932408"
"false","Galaxy A37 128GB Awesome Lavender","Asset","Android-Phone","Galaxy A37 128GB Awesome Lavender","false","true","GA37128GBAL","887276932422"
"false","Galaxy A37 256GB Awesome Charcoal","Asset","Android-Phone","Galaxy A37 256GB Awesome Charcoal","false","true","GA37256GBAC","887276932415"
"false","Galaxy A37 256GB Awesome Lavender","Asset","Android-Phone","Galaxy A37 256GB Awesome Lavender","false","true","GA37256GBAL","887276932439"
"false","Galaxy S20 5G UW","Asset","Android-Phone","Galaxy S20 5G UW 128GB Cloud Navy","false","true","GS205U128CN","887276455464"
"false","Galaxy S20 FE 64GB Black","Asset","Android-Phone","Galaxy S20 FE 64GB Black","false","true","SGS20FE64B",""
"false","Galaxy S21 128GB Black","Asset","Android-Phone","Galaxy S21 128GB Black","false","true","SGS21128B",""
"false","Galaxy S21 FE 5G 128GB Black","Asset","Android-Phone","Galaxy S21 FE 5G 128GB Black","false","true","SGS21FE5G128B","887276552019"
"false","Galaxy S22 128GB Black","Asset","Android-Phone","Galaxy S22 128GB Black","false","true","SGS22128B",""
"false","Galaxy S23 128GB Black","Asset","Android-Phone","Galaxy S23 128GB Black","false","true","SGS23128B","887276716022"
"false","Galaxy S23 FE 128GB Black","Asset","Android-Phone","Galaxy S23 FE 128GB Black","false","true","SGS23FE128B","887276786179"
"false","Galaxy S24 128GB Black","Asset","Android-Phone","Galaxy S24 128GB Black","false","true","SGS24128B",""
"false","Galaxy S24 FE 128GB Blue","Asset","Android-Phone","Galaxy S24 FE 128GB Blue","false","true","GS24FE128GBB","887276888743"
"false","Galaxy S24 FE 128GB Graphite","Asset","Android-Phone","Galaxy S24 FE 128GB Graphite","false","true","GS24FE128GBG","887276888712"
"false","Galaxy S24 FE 128GB Mint","Asset","Android-Phone","Galaxy S24 FE 128GB Mint","false","true","GS24FE128GBM","887276888736"
"false","Galaxy S24 FE 128GB Yellow","Asset","Android-Phone","Galaxy S24 FE 128GB Yellow","false","true","GS24FE128GBY","887276888750"
"false","Galaxy S24 FE 256GB Blue","Asset","Android-Phone","Galaxy S24 FE 256GB Blue","false","true","GS24FE256GBB","887276888798"
"false","Galaxy S24 FE 256GB Graphite","Asset","Android-Phone","Galaxy S24 FE 256GB Graphite","false","true","GS24FE256GBG","887276888767"
"false","Galaxy S24 FE 256GB Gray","Asset","Android-Phone","Galaxy S24 FE 256GB Gray","false","true","GS24FE256GBGray","887276888774"
"false","Galaxy S24 FE 256GB Mint","Asset","Android-Phone","Galaxy S24 FE 256GB Mint","false","true","GS24FE256GBM","887276888781"
"false","Galaxy S24 FE 256GB Yellow","Asset","Android-Phone","Galaxy S24 FE 256GB Yellow","false","true","GS24FE256GBY","887276888804"
"true","Screen Protector","Item","Accessory","Galaxy S24 Screen Protector","false","false","SGS24SP","1234567899"
"false","Galaxy S24+ 256GB Amber Yellow","Asset","Android-Phone","Galaxy S24+ 256GB Amber Yellow","false","true","GS24+256GB","887276802343"
"false","Galaxy S24+ 256GB Cobalt Violet","Asset","Android-Phone","Galaxy S24+ 256GB Cobalt Violet","false","true","GS24+256GBCV","887276802336"
"false","Galaxy S24+ 256GB Jade Green","Asset","Android-Phone","Galaxy S24+ 256GB Jade Green","false","true","GS24+256GBJG","887276802350"
"false","Galaxy S24+ 256GB Marble Gray","Asset","Android-Phone","Galaxy S24+ 256GB Marble Gray","false","true","GS24+256GBMG","887276802329"
"false","Galaxy S24+ 256GB Onyx Black","Asset","Android-Phone","Galaxy S24+ 256GB Onyx Black","false","true","GS24+256GBOB","887276802312"
"false","Galaxy S24+ 256GB Sandstone Orange","Asset","Android-Phone","Galaxy S24+ 256GB Sandstone Orange","false","true","GS24+256GBSO","887276802367"
"false","Galaxy S24+ 256GB Sapphire Blue","Asset","Android-Phone","Galaxy S24+ 256GB Sapphire Blue","false","true","GS24+256GBSB","887276802374"
"false","Galaxy S24+ 512GB Amber Yellow","Asset","Android-Phone","Galaxy S24+ 512GB Amber Yellow","false","true","GS24+512GB","887276802411"
"false","Galaxy S24+ 512GB Cobalt Violet","Asset","Android-Phone","Galaxy S24+ 512GB Cobalt Violet","false","true","GS24+512GBCV","887276802404"
"false","Galaxy S24+ 512GB Jade Green","Asset","Android-Phone","Galaxy S24+ 512GB Jade Green","false","true","GS24+512GBJG","887276802428"
"false","Galaxy S24+ 512GB Marble Gray","Asset","Android-Phone","Galaxy S24+ 512GB Marble Gray","false","true","GS24+512GBMG","887276802398"
"false","Galaxy S24+ 512GB Onyx Black","Asset","Android-Phone","Galaxy S24+ 512GB Onyx Black","false","true","GS24+512GBOB","887276802381"
"false","Galaxy S24+ 512GB Sandstone Orange","Asset","Android-Phone","Galaxy S24+ 512GB Sandstone Orange","false","true","GS24+512GBSO","887276802435"
"false","Galaxy S24+ 512GB Sapphire Blue","Asset","Android-Phone","Galaxy S24+ 512GB Sapphire Blue","false","true","GS24+512GBSB","887276802442"
"false","Galaxy S25 128GB Icyblue","Asset","Android-Phone","Galaxy S25 128GB Icyblue","false","true","GS25128GBIcyb","887276914121"
"false","Galaxy S25 128GB Mint","Asset","Android-Phone","Galaxy S25 128GB Mint","false","true","GS25128GBM","887276913919"
"false","Galaxy S25 128GB Navy","Asset","Android-Phone","Galaxy S25 128GB Navy","false","true","GS25128GBN","887276921655"
"false","Galaxy S25 128GB Silver Shadow","Asset","Android-Phone","Galaxy S25 128GB Silver Shadow","false","true","GS25128GBSS","887276913704"
"false","Galaxy S25 256GB Titanium Black","Asset","Android-Phone","Galaxy S25 256GB Titanium Black","false","true","GS25256GBTB","887276918662"
"false","Galaxy S25 256GB Titanium Gray","Asset","Android-Phone","Galaxy S25 256GB Titanium Gray","false","true","GS25256GBTGray","887276918624"
"false","Galaxy S25 256GB Titanium Silverblue","Asset","Android-Phone","Galaxy S25 256GB Titanium Silverblue","false","true","GS25256GBTSb","887276918709"
"false","Galaxy S25 256GB Titanium Whitesilver","Asset","Android-Phone","Galaxy S25 256GB Titanium Whitesilver","false","true","GS25256GBTWs","887276918587"
"false","Galaxy S25 512GB Titanium Black","Asset","Android-Phone","Galaxy S25 512GB Titanium Black","false","true","GS25512GBTB","887276918679"
"false","Galaxy S25 512GB Titanium Gray","Asset","Android-Phone","Galaxy S25 512GB Titanium Gray","false","true","GS25512GBTGray","887276918631"
"false","Galaxy S25 512GB Titanium Silverblue","Asset","Android-Phone","Galaxy S25 512GB Titanium Silverblue","false","true","GS25512GBTSb","887276918716"
"false","Galaxy S25 512GB Titanium Whitesilver","Asset","Android-Phone","Galaxy S25 512GB Titanium Whitesilver","false","true","GS25512GBTWs","887276918594"
"false","Galaxy S25 Edge 256GB Aurora Green","Asset","Android-Phone","Galaxy S25 Edge 256GB Aurora Green","false","true","GS25E256GBAG","887276949031"
"false","Galaxy S25 Edge 256GB Midnight Black","Asset","Android-Phone","Galaxy S25 Edge 256GB Midnight Black","false","true","GS25E256GBMB","887276949017"
"false","Galaxy S25 Edge 256GB Prism Silver","Asset","Android-Phone","Galaxy S25 Edge 256GB Prism Silver","false","true","GS25E256GBPS","887276949024"
"false","Galaxy S25 FE 128GB Blue","Asset","Android-Phone","Galaxy S25 FE 128GB Blue","false","true","GS25FE128GBB","887276941196"
"false","Galaxy S25 FE 128GB Graphite","Asset","Android-Phone","Galaxy S25 FE 128GB Graphite","false","true","GS25FE128GBG","887276941158"
"false","Galaxy S25 FE 128GB Jet Black","Asset","Android-Phone","Galaxy S25 FE 128GB Jet Black","false","true","SGS25FE128JB","x111111111127A"
"false","Galaxy S25 FE 128GB Mint","Asset","Android-Phone","Galaxy S25 FE 128GB Mint","false","true","GS25FE128GBM","887276941233"
"false","Galaxy S25 FE 128GB Silver","Asset","Android-Phone","Galaxy S25 FE 128GB Silver","false","true","GS25FE128GBS","887276941172"
"false","Galaxy S25 FE 128GB Yellow","Asset","Android-Phone","Galaxy S25 FE 128GB Yellow","false","true","GS25FE128GBY","887276941219"
"false","Galaxy S25 FE 256GB Blue","Asset","Android-Phone","Galaxy S25 FE 256GB Blue","false","true","GS25FE256GBB","887276941202"
"false","Galaxy S25 FE 256GB Graphite","Asset","Android-Phone","Galaxy S25 FE 256GB Graphite","false","true","GS25FE256GBG","887276941165"
"false","Galaxy S25 FE 256GB Jet Black","Asset","Android-Phone","Galaxy S25 FE 256GB Jet Black","false","true","SGS25FE256JB","x111111111126"
"false","Galaxy S25 FE 256GB Mint","Asset","Android-Phone","Galaxy S25 FE 256GB Mint","false","true","GS25FE256GBM","887276941240"
"false","Galaxy S25 FE 256GB Silver","Asset","Android-Phone","Galaxy S25 FE 256GB Silver","false","true","GS25FE256GBS","887276941189"
"false","Galaxy S25 FE 256GB Yellow","Asset","Android-Phone","Galaxy S25 FE 256GB Yellow","false","true","GS25FE256GBY","887276941226"
"false","Galaxy S25 Ultra 1TB Titanium Black","Asset","Android-Phone","Galaxy S25 Ultra 1TB Titanium Black","false","true","GS25U1TBTB","887276951256"
"false","Galaxy S25 Ultra 1TB Titanium Gray","Asset","Android-Phone","Galaxy S25 Ultra 1TB Titanium Gray","false","true","GS25U1TBTG","887276951287"
"false","Galaxy S25 Ultra 1TB Titanium Silver","Asset","Android-Phone","Galaxy S25 Ultra 1TB Titanium Silver","false","true","GS25U1TBTS","887276951317"
"false","Galaxy S25 Ultra 256GB Titanium Black","Asset","Android-Phone","Galaxy S25 Ultra 256GB Titanium Black","false","true","GS25U256GBTB","887276951232"
"false","Galaxy S25 Ultra 256GB Titanium Gray","Asset","Android-Phone","Galaxy S25 Ultra 256GB Titanium Gray","false","true","GS25U256GBTG","887276951263"
"false","Galaxy S25 Ultra 256GB Titanium Silver","Asset","Android-Phone","Galaxy S25 Ultra 256GB Titanium Silver","false","true","GS25U256GBTS","887276951294"
"false","Galaxy S25 Ultra 256GB Titanium Silverblue","Asset","Android-Phone","Galaxy S25 Ultra 256GB Titanium Silverblue","false","true","GS25U256GBTSb","887276924069"
"false","Galaxy S25 Ultra 512GB Titanium Black","Asset","Android-Phone","Galaxy S25 Ultra 512GB Titanium Black","false","true","GS25U512GBTB","887276951249"
"false","Galaxy S25 Ultra 512GB Titanium Gray","Asset","Android-Phone","Galaxy S25 Ultra 512GB Titanium Gray","false","true","GS25U512GBTG","887276951270"
"false","Galaxy S25 Ultra 512GB Titanium Silver","Asset","Android-Phone","Galaxy S25 Ultra 512GB Titanium Silver","false","true","GS25U512GBTS","887276951300"
"false","Galaxy S25+ 256GB Icyblue","Asset","Android-Phone","Galaxy S25+ 256GB Icyblue","false","true","GS25+256GBIcyb","887276914053"
"false","Galaxy S25+ 256GB Mint","Asset","Android-Phone","Galaxy S25+ 256GB Mint","false","true","GS25+256GBM","887276916279"
"false","Galaxy S25+ 256GB Navy","Asset","Android-Phone","Galaxy S25+ 256GB Navy","false","true","GS25+256GBN","887276916484"
"false","Galaxy S25+ 256GB Silver Shadow","Asset","Android-Phone","Galaxy S25+ 256GB Silver Shadow","false","true","GS25+256GBSS","887276916064"
"false","Galaxy S25+ 512GB Icyblue","Asset","Android-Phone","Galaxy S25+ 512GB Icyblue","false","true","GS25+512GBIcyb","887276914114"
"false","Galaxy S25+ 512GB Mint","Asset","Android-Phone","Galaxy S25+ 512GB Mint","false","true","GS25+512GBM","887276916286"
"false","Galaxy S25+ 512GB Navy","Asset","Android-Phone","Galaxy S25+ 512GB Navy","false","true","GS25+512GBN","887276916491"
"false","Galaxy S25+ 512GB Silver Shadow","Asset","Android-Phone","Galaxy S25+ 512GB Silver Shadow","false","true","GS25+512GBSS","887276916132"
"false","Galaxy S26 1TB Black","Asset","Android-Phone","Galaxy S26 1TB Black","false","true","GS261TBB","887276985329"
"false","Galaxy S26 1TB Cobalt Violet","Asset","Android-Phone","Galaxy S26 1TB Cobalt Violet","false","true","GS261TBCV","887276985534"
"false","Galaxy S26 1TB Sky Blue","Asset","Android-Phone","Galaxy S26 1TB Sky Blue","false","true","GS261TBSB","887276985466"
"false","Galaxy S26 1TB White","Asset","Android-Phone","Galaxy S26 1TB White","false","true","GS261TBW","887276985398"
"false","Galaxy S26 256GB Black","Asset","Android-Phone","Galaxy S26 256GB Black","false","true","GS26256GBB","887276985305"
"false","Galaxy S26 256GB Cobalt Violet","Asset","Android-Phone","Galaxy S26 256GB Cobalt Violet","false","true","GS26256GBCV","887276985510"
"false","Galaxy S26 256GB Sky Blue","Asset","Android-Phone","Galaxy S26 256GB Sky Blue","false","true","GS26256GBSB","887276985442"
"false","Galaxy S26 256GB White","Asset","Android-Phone","Galaxy S26 256GB White","false","true","GS26256GBW","887276985374"
"false","Galaxy S26 512GB Black","Asset","Android-Phone","Galaxy S26 512GB Black","false","true","GS26512GBB","887276985312"
"false","Galaxy S26 512GB Cobalt Violet","Asset","Android-Phone","Galaxy S26 512GB Cobalt Violet","false","true","GS26512GBCV","887276985527"
"false","Galaxy S26 512GB Sky Blue","Asset","Android-Phone","Galaxy S26 512GB Sky Blue","false","true","GS26512GBSB","887276985459"
"false","Galaxy S26 512GB White","Asset","Android-Phone","Galaxy S26 512GB White","false","true","GS26512GBW","887276985381"
"false","Galaxy S26 Ultra 1TB Titanium Black","Asset","Android-Phone","Galaxy S26 Ultra 1TB Titanium Black","false","true","GS26U1TBTB","887276991580"
"false","Galaxy S26 Ultra 1TB Titanium Gray","Asset","Android-Phone","Galaxy S26 Ultra 1TB Titanium Gray","false","true","GS26U1TBTG","887276991610"
"false","Galaxy S26 Ultra 1TB Titanium Jade","Asset","Android-Phone","Galaxy S26 Ultra 1TB Titanium Jade","false","true","GS26U1TBTJ","887276991672"
"false","Galaxy S26 Ultra 1TB Titanium Silver","Asset","Android-Phone","Galaxy S26 Ultra 1TB Titanium Silver","false","true","GS26U1TBTS","887276991641"
"false","Galaxy S26 Ultra 256GB Titanium Black","Asset","Android-Phone","Galaxy S26 Ultra 256GB Titanium Black","false","true","GS26U256GBTB","887276991566"
"false","Galaxy S26 Ultra 256GB Titanium Gray","Asset","Android-Phone","Galaxy S26 Ultra 256GB Titanium Gray","false","true","GS26U256GBTG","887276991597"
"false","Galaxy S26 Ultra 256GB Titanium Jade","Asset","Android-Phone","Galaxy S26 Ultra 256GB Titanium Jade","false","true","GS26U256GBTJ","887276991658"
"false","Galaxy S26 Ultra 256GB Titanium Silver","Asset","Android-Phone","Galaxy S26 Ultra 256GB Titanium Silver","false","true","GS26U256GBTS","887276991627"
"false","Galaxy S26 Ultra 512GB Cobalt Violet","Asset","Android-Phone","Galaxy S26 Ultra 512GB Cobalt Violet","false","true","GS26U512GBCV","X80000000000005000"
"false","Galaxy S26 Ultra 512GB Titanium Black","Asset","Android-Phone","Galaxy S26 Ultra 512GB Titanium Black","false","true","GS26U512GBTB","887276991573"
"false","Galaxy S26 Ultra 512GB Titanium Gray","Asset","Android-Phone","Galaxy S26 Ultra 512GB Titanium Gray","false","true","GS26U512GBTG","887276991603"
"false","Galaxy S26 Ultra 512GB Titanium Jade","Asset","Android-Phone","Galaxy S26 Ultra 512GB Titanium Jade","false","true","GS26U512GBTJ",""
"false","Galaxy S26 Ultra 512GB Titanium Silver","Asset","Android-Phone","Galaxy S26 Ultra 512GB Titanium Silver","false","true","GS26U512GBTS","887276991634"
"false","Galaxy S26+ 256GB Black","Asset","Android-Phone","Galaxy S26+ 256GB Black","false","true","GS26+256GBB","887276985909"
"false","Galaxy S26+ 256GB Cobalt Violet","Asset","Android-Phone","Galaxy S26+ 256GB Cobalt Violet","false","true","GS26+256GBCV","887276986227"
"false","Galaxy S26+ 256GB Sky Blue","Asset","Android-Phone","Galaxy S26+ 256GB Sky Blue","false","true","GS26+256GBSB","887276986111"
"false","Galaxy S26+ 256GB White","Asset","Android-Phone","Galaxy S26+ 256GB White","false","true","GS26+256GBW","887276986012"
"false","Galaxy S26+ 512GB Black","Asset","Android-Phone","Galaxy S26+ 512GB Black","false","true","GS26+512GBB","887276985916"
"false","Galaxy S26+ 512GB Cobalt Violet","Asset","Android-Phone","Galaxy S26+ 512GB Cobalt Violet","false","true","GS26+512GBCV","887276986234"
"false","Galaxy S26+ 512GB Sky Blue","Asset","Android-Phone","Galaxy S26+ 512GB Sky Blue","false","true","GS26+512GBSB","887276986128"
"false","Galaxy S26+ 512GB White","Asset","Android-Phone","Galaxy S26+ 512GB White","false","true","GS26+512GBW","887276986029"
"false","Galaxy S8 64GB Black","Asset","Android-Phone","Galaxy S8 64GB Black","false","true","SGS864B","x111111111128"
"false","Galaxy Tab A11+ 64GB Graphite","Asset","Android-Tablet","Galaxy Tab A11+ 64GB Graphite","false","true","GTA11+64GBG","887276974118"
"false","Galaxy Tab A11+ 64GB Silver","Asset","Android-Tablet","Galaxy Tab A11+ 64GB Silver","false","true","GTA11+64GBS","887276974125"
"false","Galaxy Tab A9 128GB Graphite","Asset","Android-Tablet","Galaxy Tab A9 128GB Graphite","false","true","GTA9128GBG","887276861067"
"false","Galaxy Tab A9 128GB Navy","Asset","Android-Tablet","Galaxy Tab A9 128GB Navy","false","true","GTA9128GBN","887276861104"
"false","Galaxy Tab A9 128GB Silver","Asset","Android-Tablet","Galaxy Tab A9 128GB Silver","false","true","GTA9128GBS","887276861081"
"false","Galaxy Tab A9 64GB Graphite","Asset","Android-Tablet","Galaxy Tab A9 64GB Graphite","false","true","GTA964GBG","887276861050"
"false","Galaxy Tab A9 64GB Navy","Asset","Android-Tablet","Galaxy Tab A9 64GB Navy","false","true","GTA964GBN","887276861098"
"false","Galaxy Tab A9 64GB Silver","Asset","Android-Tablet","Galaxy Tab A9 64GB Silver","false","true","GTA964GBS","887276861074"
"false","Galaxy Tab Active5 128GB Black","Asset","Android-Tablet","Galaxy Tab Active5 128GB Black","false","true","GTA5128GBB","887276841113"
"false","Galaxy Tab Active5 Pro 128GB Black","Asset","Android-Tablet","Galaxy Tab Active5 Pro 128GB Black","false","true","GTA5P128GBB","887276841212"
"false","Galaxy Tab S10 FE 128GB Gray","Asset","Android-Tablet","Galaxy Tab S10 FE 128GB Gray","false","true","GTS10FE128GBG","887276921150"
"false","Galaxy Tab S10 FE 128GB Lavender","Asset","Android-Tablet","Galaxy Tab S10 FE 128GB Lavender","false","true","GTS10FE128GBL","887276921174"
"false","Galaxy Tab S10 FE 128GB Mint","Asset","Android-Tablet","Galaxy Tab S10 FE 128GB Mint","false","true","GTS10FE128GBM","887276921112"
"false","Galaxy Tab S10 FE 128GB Silver","Asset","Android-Tablet","Galaxy Tab S10 FE 128GB Silver","false","true","GTS10FE128GBS","887276921136"
"false","Galaxy Tab S10 FE 256GB Gray","Asset","Android-Tablet","Galaxy Tab S10 FE 256GB Gray","false","true","GTS10FE256GBG","887276921167"
"false","Galaxy Tab S10 FE 256GB Lavender","Asset","Android-Tablet","Galaxy Tab S10 FE 256GB Lavender","false","true","GTS10FE256GBL","887276921181"
"false","Galaxy Tab S10 FE 256GB Mint","Asset","Android-Tablet","Galaxy Tab S10 FE 256GB Mint","false","true","GTS10FE256GBM","887276921129"
"false","Galaxy Tab S10 FE 256GB Silver","Asset","Android-Tablet","Galaxy Tab S10 FE 256GB Silver","false","true","GTS10FE256GBS","887276921143"
"false","Galaxy Tab S10+ 256GB Moonstone Gray","Asset","Android-Tablet","Galaxy Tab S10+ 256GB Moonstone Gray","false","true","GTS10+256GBMG","887276911229"
"false","Galaxy Tab S10+ 256GB Platinum Silver","Asset","Android-Tablet","Galaxy Tab S10+ 256GB Platinum Silver","false","true","GTS10+256GBPS","887276911243"
"false","Galaxy Tab S10+ 512GB Moonstone Gray","Asset","Android-Tablet","Galaxy Tab S10+ 512GB Moonstone Gray","false","true","GTS10+512GBMG","887276911236"
"false","Galaxy Tab S10+ 512GB Platinum Silver","Asset","Android-Tablet","Galaxy Tab S10+ 512GB Platinum Silver","false","true","GTS10+512GBPS","887276911250"
"false","Galaxy XCover6 Pro 64GB Black","Asset","Android-Phone","Galaxy XCover6 Pro 64GB Black","false","true","SGXCPro664B",""
"false","Galaxy XCover7 Pro 128GB Black","Asset","Android-Phone","Galaxy XCover7 Pro 128GB Black","false","true","GXC7P128GBB","887276851129"
"false","Galaxy Z Flip5 256GB Blue","Asset","Android-Phone","Galaxy Z Flip5 256GB Blue","false","true","GZF5256GBB","887276771168"
"false","Galaxy Z Flip5 256GB Cream","Asset","Android-Phone","Galaxy Z Flip5 256GB Cream","false","true","GZF5256GBC","887276771120"
"false","Galaxy Z Flip5 256GB Graphite","Asset","Android-Phone","Galaxy Z Flip5 256GB Graphite","false","true","GZF5256GBG","887276771113"
"false","Galaxy Z Flip5 256GB Gray","Asset","Android-Phone","Galaxy Z Flip5 256GB Gray","false","true","GZF5256GBGray","887276771151"
"false","Galaxy Z Flip5 256GB Lavender","Asset","Android-Phone","Galaxy Z Flip5 256GB Lavender","false","true","GZF5256GBL","887276771137"
"false","Galaxy Z Flip5 256GB Mint","Asset","Android-Phone","Galaxy Z Flip5 256GB Mint","false","true","GZF5256GBM","887276771144"
"false","Galaxy Z Flip5 256GB Yellow","Asset","Android-Phone","Galaxy Z Flip5 256GB Yellow","false","true","GZF5256GBY","887276771182"
"false","Galaxy Z Flip5 512GB Blue","Asset","Android-Phone","Galaxy Z Flip5 512GB Blue","false","true","GZF5512GBB","887276771243"
"false","Galaxy Z Flip5 512GB Cream","Asset","Android-Phone","Galaxy Z Flip5 512GB Cream","false","true","GZF5512GBC","887276771205"
"false","Galaxy Z Flip5 512GB Graphite","Asset","Android-Phone","Galaxy Z Flip5 512GB Graphite","false","true","GZF5512GBG","887276771199"
"false","Galaxy Z Flip5 512GB Gray","Asset","Android-Phone","Galaxy Z Flip5 512GB Gray","false","true","GZF5512GBGray","887276771236"
"false","Galaxy Z Flip5 512GB Lavender","Asset","Android-Phone","Galaxy Z Flip5 512GB Lavender","false","true","GZF5512GBL","887276771212"
"false","Galaxy Z Flip5 512GB Mint","Asset","Android-Phone","Galaxy Z Flip5 512GB Mint","false","true","GZF5512GBM","887276771229"
"false","Galaxy Z Flip5 512GB Yellow","Asset","Android-Phone","Galaxy Z Flip5 512GB Yellow","false","true","GZF5512GBY","887276771267"
"false","Galaxy Z Flip7 256GB Craft Black","Asset","Android-Phone","Galaxy Z Flip7 256GB Craft Black","false","true","GZF7256GBCB","887276985473"
"false","Galaxy Z Flip7 256GB Mint","Asset","Android-Phone","Galaxy Z Flip7 256GB Mint","false","true","GZF7256GBM","887276985411"
"false","Galaxy Z Flip7 256GB Silver Shadow","Asset","Android-Phone","Galaxy Z Flip7 256GB Silver Shadow","false","true","GZF7256GBSS","887276985435"
"false","Galaxy Z Flip7 256GB White","Asset","Android-Phone","Galaxy Z Flip7 256GB White","false","true","GZF7256GBW","887276985497"
"false","Galaxy Z Flip7 256GB Yellow","Asset","Android-Phone","Galaxy Z Flip7 256GB Yellow","false","true","GZF7256GBY",""
"false","Galaxy Z Flip7 512GB Craft Black","Asset","Android-Phone","Galaxy Z Flip7 512GB Craft Black","false","true","GZF7512GBCB","887276985480"
"false","Galaxy Z Flip7 512GB Mint","Asset","Android-Phone","Galaxy Z Flip7 512GB Mint","false","true","GZF7512GBM","887276985428"
"false","Galaxy Z Flip7 512GB Silver Shadow","Asset","Android-Phone","Galaxy Z Flip7 512GB Silver Shadow","false","true","GZF7512GBSS",""
"false","Galaxy Z Flip7 512GB White","Asset","Android-Phone","Galaxy Z Flip7 512GB White","false","true","GZF7512GBW","887276985503"
"false","Galaxy Z Flip7 512GB Yellow","Asset","Android-Phone","Galaxy Z Flip7 512GB Yellow","false","true","GZF7512GBY",""
"false","Galaxy Z Fold6 1TB Crafted Black","Asset","Android-Phone","Galaxy Z Fold6 1TB Crafted Black","false","true","GZF61TBCedB","887276865140"
"false","Galaxy Z Fold6 1TB Navy","Asset","Android-Phone","Galaxy Z Fold6 1TB Navy","false","true","GZF61TBN","887276865133"
"false","Galaxy Z Fold6 1TB Pink","Asset","Android-Phone","Galaxy Z Fold6 1TB Pink","false","true","GZF61TBP","887276865126"
"false","Galaxy Z Fold6 1TB Silver Shadow","Asset","Android-Phone","Galaxy Z Fold6 1TB Silver Shadow","false","true","GZF61TBSS","887276865119"
"false","Galaxy Z Fold6 1TB White","Asset","Android-Phone","Galaxy Z Fold6 1TB White","false","true","GZF61TBW","887276865157"
"false","Galaxy Z Fold6 256GB Crafted Black","Asset","Android-Phone","Galaxy Z Fold6 256GB Crafted Black","false","true","GZF6256GBCedB","887276865041"
"false","Galaxy Z Fold6 256GB Navy","Asset","Android-Phone","Galaxy Z Fold6 256GB Navy","false","true","GZF6256GBN","887276865034"
"false","Galaxy Z Fold6 256GB Pink","Asset","Android-Phone","Galaxy Z Fold6 256GB Pink","false","true","GZF6256GBP","887276865027"
"false","Galaxy Z Fold6 256GB Silver Shadow","Asset","Android-Phone","Galaxy Z Fold6 256GB Silver Shadow","false","true","GZF6256GBSS","887276865010"
"false","Galaxy Z Fold6 256GB White","Asset","Android-Phone","Galaxy Z Fold6 256GB White","false","true","GZF6256GBW","887276865058"
"false","Galaxy Z Fold6 512GB Crafted Black","Asset","Android-Phone","Galaxy Z Fold6 512GB Crafted Black","false","true","GZF6512GBCedB","887276865096"
"false","Galaxy Z Fold6 512GB Navy","Asset","Android-Phone","Galaxy Z Fold6 512GB Navy","false","true","GZF6512GBN","887276865089"
"false","Galaxy Z Fold6 512GB Pink","Asset","Android-Phone","Galaxy Z Fold6 512GB Pink","false","true","GZF6512GBP","887276865072"
"false","Galaxy Z Fold6 512GB Silver Shadow","Asset","Android-Phone","Galaxy Z Fold6 512GB Silver Shadow","false","true","GZF6512GBSS","887276865065"
"false","Galaxy Z Fold6 512GB White","Asset","Android-Phone","Galaxy Z Fold6 512GB White","false","true","GZF6512GBW","887276865102"
"false","Galaxy Z Fold7 1TB Blue Shadow","Asset","Android-Phone","Galaxy Z Fold7 1TB Blue Shadow","false","true","GZF71TBBS","887276989198"
"false","Galaxy Z Fold7 1TB Jet Black","Asset","Android-Phone","Galaxy Z Fold7 1TB Jet Black","false","true","GZF71TBJetB","887276989136"
"false","Galaxy Z Fold7 1TB Silver","Asset","Android-Phone","Galaxy Z Fold7 1TB Silver","false","true","GZF71TBS","887276989167"
"false","Galaxy Z Fold7 256GB Blue Shadow","Asset","Android-Phone","Galaxy Z Fold7 256GB Blue Shadow","false","true","GZF7256GBBS","887276989174"
"false","Galaxy Z Fold7 256GB Jet Black","Asset","Android-Phone","Galaxy Z Fold7 256GB Jet Black","false","true","GZF7256GBJetB","887276989112"
"false","Galaxy Z Fold7 256GB Silver","Asset","Android-Phone","Galaxy Z Fold7 256GB Silver","false","true","GZF7256GBS","887276989143"
"false","Galaxy Z Fold7 512GB Blue Shadow","Asset","Android-Phone","Galaxy Z Fold7 512GB Blue Shadow","false","true","GZF7512GBBS","887276989181"
"false","Galaxy Z Fold7 512GB Jet Black","Asset","Android-Phone","Galaxy Z Fold7 512GB Jet Black","false","true","GZF7512GBJetB","887276989129"
"false","Galaxy Z Fold7 512GB Silver","Asset","Android-Phone","Galaxy Z Fold7 512GB Silver","false","true","GZF7512GBS","887276989150"
"true","Generic Apple Earbuds","Item","Accessory","Generic Apple Earbuds","false","false","GAE","777711233"
"true","Generic Earbuds","Item","Accessory","Generic Earbuds","false","false","GE","xxxx1"
"true","Galaxy OtterBox Phone Case","Item","Accessory","Generic Galaxy OtterBox Phone Case","false","false","GGOBPC","123OB456"
"true","iPhone 15 Screen Protector","Item","Accessory","Generic iPhone 15 Screen Protector","false","false","GiP15SP","1112"
"true","UAG Samsung Tablet Case","Item","Accessory","Generic UAG Samsung Tablet Case with Hand Strap","false","false","GUAHSTCwHS","123GUAGC456"
"true","USB-A to Lighting Cable","Item","Accessory","Generic USB-A to Lighting Cable","false","false","GUSBAtLC","123707070"
"true","USB-A to USB-C Cable","Item","Accessory","Generic USB-A to USB-C Cable","false","false","GUSBAtUSBCC","123676767"
"true","USB-C to Lightning Cable","Item","Accessory","Generic USB-C to Lightning Cable","false","false","USBCtoLCable","123456789321"
"true","Generic Wall Charger USB-A","Item","Accessory","Generic Wall Charger USB-A","false","false","GWCUA","1333444"
"true","Generic Wall Plug USB-A to Lighting","Item","Accessory","Generic Wall Charger USB-A to Lighting","false","false","GWCUAtL","13334444"
"false","Go Link 5G HotSpot","Asset","Aircard","Go Link 5G HotSpot","false","true","MifiGLK5GHOTST","X800000000000000011"
"true","GoTo Glass Screen Protector iPhone 17/16 Pro","Item","Accessory","GoTo Glass Screen Protector iPhone 17/16 Pro","false","false","GGSPiP17/16P","610214688323"
"true","Tempered Glass Screen Protector","Item","Accessory","GOTO Tempered Glass Screen Protector for iPhone 17e","false","false","GtTGSP","610214676764"
"true","Incipio Surface Pro 3 Rugged Case","Item","Accessory","Incipio Surface Pro 3 Ultra Rugged Case with Rotating Hand Strap","false","false","IncipioSP3UCaseWStrap","840076182671"
"false","Inmarsat Isatphone 2 Satellite Phone Standard Package","Asset","SATCon Device","Inmarsat Isatphone 2 Satellite Phone Standard Package","false","true","IISP2SPStP","x"
"false","Inseego Mifi 8800l","Asset","Aircard","Inseego Mifi 8800l","false","true","IM8800I","0649496024116"
"false","Inseego MiFi PRO 4M","Asset","Aircard","Inseego MiFi PRO 4M","false","true","InseegoMiFi4MPRO","658951423"
"false","Inseego MiFi X PRO","Asset","Aircard","Inseego MiFi X PRO","false","true","InseegoMiFiXPRO","610214689153"
"false","iPad (10th Gen) 256GB Blue","Asset","Apple-iPad","iPad (10th Gen) 256GB Wi-Fi + Cellular Blue","false","true","iPad10256W+CB","194253392019"
"false","iPad (10th Gen) 256GB Pink","Asset","Apple-iPad","iPad (10th Gen) 256GB Wi-Fi + Cellular Pink","false","true","iPad10256W+CP","194253392286"
"false","iPad (10th Gen) 256GB Silver","Asset","Apple-iPad","iPad (10th Gen) 256GB Wi-Fi + Cellular Silver","false","true","iPad10256W+CS","194253391746"
"false","iPad (10th Gen) 256GB Yellow","Asset","Apple-iPad","iPad (10th Gen) 256GB Wi-Fi + Cellular Yellow","false","true","iPad10256W+CY","194253392552"
"false","iPad (10th Gen) 256GB Pink","Asset","Apple-iPad","iPad (10th Gen) 256GB Wi-Fi Pink","false","true","iPad10256WP","194253389590"
"false","iPad (10th Gen) 256GB Silver","Asset","Apple-iPad","iPad (10th Gen) 256GB Wi-Fi Silver","false","true","iPad10256WS","194253388791"
"false","iPad (10th Gen) 256GB Yellow","Asset","Apple-iPad","iPad (10th Gen) 256GB Wi-Fi Yellow","false","true","iPad10256WY","194253389873"
"false","iPad (10th Gen) 64GB Blue","Asset","Apple-iPad","iPad (10th Gen) 64GB Wi-Fi + Cellular Blue","false","true","iPad1064W+CB","194253390671"
"false","iPad (10th Gen) 64GB Pink","Asset","Apple-iPad","iPad (10th Gen) 64GB Wi-Fi + Cellular Pink","false","true","iPad1064W+CP","194253390947"
"false","iPad (10th Gen) 64GB Silver","Asset","Apple-iPad","iPad (10th Gen) 64GB Wi-Fi + Cellular Silver","false","true","iPad1064WiFi+CS","194253384847"
"false","iPad (10th Gen) 64GB Yellow","Asset","Apple-iPad","iPad (10th Gen) 64GB Wi-Fi + Cellular Yellow","false","true","iPad1064W+CY","194253391210"
"false","iPad (10th Gen) 64GB Silver","Asset","Apple-iPad","iPad (10th Gen) 64GB Wi-Fi Silver","false","true","iPad1064WS","194253387442"
"false","iPad (11th Gen) (A16) 128GB Wi-Fi + Cellular Blue","Asset","Apple-iPad","iPad (11th Gen) (A16) 128GB Wi-Fi + Cellular Blue","false","true","iPad11128W+CB","195950146752"
"false","iPad (11th Gen)(A16) 128GB Silver","Asset","Apple-iPad","iPad (11th Gen)(A16) 128GB Wi-Fi + Cellular Silver","false","true","iPad11128W+CS","195950146745"
"false","iPad (11th Gen)(A16) 128GB Blue","Asset","Apple-iPad","iPad (11th Gen)(A16) 128GB Wi-Fi Blue","false","true","iPad11128WB","195950086461"
"false","iPad (11th Gen)(A16) 128GB Pink","Asset","Apple-iPad","iPad (11th Gen)(A16) 128GB Wi-Fi Pink","false","true","iPad11128WP","195950086539"
"false","iPad (11th Gen)(A16) 128GB Silver","Asset","Apple-iPad","iPad (11th Gen)(A16) 128GB Wi-Fi Silver","false","true","iPad11128WS","195950086393"
"false","iPad (11th Gen)(A16) 128GB Yellow","Asset","Apple-iPad","iPad (11th Gen)(A16) 128GB Wi-Fi Yellow","false","true","iPad11128WY","195950086607"
"false","iPad (11th Gen)(A16) 256GB Silver","Asset","Apple-iPad","iPad (11th Gen)(A16) 256GB Wi-Fi + Cellular Silver","false","true","iPad11256W+CS","195950146783"
"false","iPad (11th Gen)(A16) 256GB Silver","Asset","Apple-iPad","iPad (11th Gen)(A16) 256GB Wi-Fi Silver","false","true","iPad11256WS","195950087864"
"false","iPad (11th Gen)(A16) 512GB Blue","Asset","Apple-iPad","iPad (11th Gen)(A16) 512GB Wi-Fi Blue","false","true","iPad11512WB","195950087161"
"false","iPad (11th Gen)(A16) 512GB Silver","Asset","Apple-iPad","iPad (11th Gen)(A16) 512GB Wi-Fi Silver","false","true","iPad11512WS","195950087093"
"false","iPad (6th Gen) 128GB Gold","Asset","Apple-iPad","iPad (6th Gen) 128GB Wi-Fi + Cellular Gold","false","true","iPad6128W+CG","190198665607"
"false","iPad (6th Gen) 128GB Silver","Asset","Apple-iPad","iPad (6th Gen) 128GB Wi-Fi + Cellular Silver","false","true","iPad6128W+CS","190198664808"
"false","iPad (6th Gen) 128GB Space Gray","Asset","Apple-iPad","iPad (6th Gen) 128GB Wi-Fi + Cellular Space Gray","false","true","iPad6128W+CSG","190198664006"
"false","iPad (6th Gen) 128GB Gold","Asset","Apple-iPad","iPad (6th Gen) 128GB Wi-Fi Gold","false","true","iPad6128WG","190198651389"
"false","iPad (6th Gen) 128GB Silver","Asset","Apple-iPad","iPad (6th Gen) 128GB Wi-Fi Silver","false","true","iPad6128WS","190198650627"
"false","iPad (6th Gen) 128GB Space Gray","Asset","Apple-iPad","iPad (6th Gen) 128GB Wi-Fi Space Gray","false","true","iPad6128WSG","190198649867"
"false","iPad (6th Gen) 32GB Gold","Asset","Apple-iPad","iPad (6th Gen) 32GB Wi-Fi + Cellular Gold","false","true","iPad632W+CG","190198663207"
"false","iPad (6th Gen) 32GB Silver","Asset","Apple-iPad","iPad (6th Gen) 32GB Wi-Fi + Cellular Silver","false","true","iPad632W+CS","190198662408"
"false","iPad (6th Gen) 32GB Space Gray","Asset","Apple-iPad","iPad (6th Gen) 32GB Wi-Fi + Cellular Space Gray","false","true","iPad632W+CSG","190198661609"
"false","iPad (6th Gen) 32GB Gold","Asset","Apple-iPad","iPad (6th Gen) 32GB Wi-Fi Gold","false","true","iPad632WG","190198649102"
"false","iPad (6th Gen) 32GB Silver","Asset","Apple-iPad","iPad (6th Gen) 32GB Wi-Fi Silver","false","true","iPad632WS","190198648341"
"false","iPad (6th Gen) 32GB Space Gray","Asset","Apple-iPad","iPad (6th Gen) 32GB Wi-Fi Space Gray","false","true","iPad632WSG","190198647580"
"false","iPad (7th Gen) 128GB Gold","Asset","Apple-iPad","iPad (7th Gen) 128GB Wi-Fi + Cellular Gold","false","true","iPad7128W+CG","190199250420"
"false","iPad (7th Gen) 128GB Silver","Asset","Apple-iPad","iPad (7th Gen) 128GB Wi-Fi + Cellular Silver","false","true","iPad7128W+CS","190199250383"
"false","iPad (7th Gen) 128GB Space Gray","Asset","Apple-iPad","iPad (7th Gen) 128GB Wi-Fi + Cellular Space Gray","false","true","iPad7128W+CSG","190199250345"
"false","iPad (7th Gen) 128GB Gold","Asset","Apple-iPad","iPad (7th Gen) 128GB Wi-Fi Gold","false","true","iPad7128WG","190199190184"
"false","iPad (7th Gen) 128GB Silver","Asset","Apple-iPad","iPad (7th Gen) 128GB Wi-Fi Silver","false","true","iPad7128WS","190199189904"
"false","iPad (7th Gen) 128GB Space Gray","Asset","Apple-iPad","iPad (7th Gen) 128GB Wi-Fi Space Gray","false","true","iPad7128WSG","190199189621"
"false","iPad (7th Gen) 32GB Gold","Asset","Apple-iPad","iPad (7th Gen) 32GB Wi-Fi + Cellular Gold","false","true","iPad732W+CG","190199250307"
"false","iPad (7th Gen) 32GB Silver","Asset","Apple-iPad","iPad (7th Gen) 32GB Wi-Fi + Cellular Silver","false","true","iPad732W+CS","190199250260"
"false","iPad (7th Gen) 32GB Space Gray","Asset","Apple-iPad","iPad (7th Gen) 32GB Wi-Fi + Cellular Space Gray","false","true","iPad732W+CSG","190199250147"
"false","iPad (7th Gen) 32GB Gold","Asset","Apple-iPad","iPad (7th Gen) 32GB Wi-Fi Gold","false","true","iPad732WG","190199189348"
"false","iPad (7th Gen) 32GB Silver","Asset","Apple-iPad","iPad (7th Gen) 32GB Wi-Fi Silver","false","true","iPad732WS","190199189065"
"false","iPad (7th Gen) 32GB Space Gray","Asset","Apple-iPad","iPad (7th Gen) 32GB Wi-Fi Space Gray","false","true","iPad732WSG","190199188785"
"false","iPad (8th Gen) 128GB Gold","Asset","Apple-iPad","iPad (8th Gen) 128GB Wi-Fi + Cellular Gold","false","true","iPad8128W+CG","190199811805"
"false","iPad (8th Gen) 128GB Silver","Asset","Apple-iPad","iPad (8th Gen) 128GB Wi-Fi + Cellular Silver","false","true","iPad8128W+CS","190199811461"
"false","iPad (8th Gen) 128GB Space Gray","Asset","Apple-iPad","iPad (8th Gen) 128GB Wi-Fi + Cellular Space Gray","false","true","iPad8128W+CSG","190199811126"
"false","iPad (8th Gen) 128GB Gold","Asset","Apple-iPad","iPad (8th Gen) 128GB Wi-Fi Gold","false","true","iPad8128WG","190199808416"
"false","iPad (8th Gen) 128GB Silver","Asset","Apple-iPad","iPad (8th Gen) 128GB Wi-Fi Silver","false","true","iPad8128WS","190199808164"
"false","iPad (8th Gen) 128GB Space Gray","Asset","Apple-iPad","iPad (8th Gen) 128GB Wi-Fi Space Gray","false","true","iPad8128WSG","190199807914"
"false","iPad (8th Gen) 32GB Gold","Asset","Apple-iPad","iPad (8th Gen) 32GB Wi-Fi + Cellular Gold","false","true","iPad832W+CG","190199810761"
"false","iPad (8th Gen) 32GB Silver","Asset","Apple-iPad","iPad (8th Gen) 32GB Wi-Fi + Cellular Silver","false","true","iPad832W+CS","190199810457"
"false","iPad (8th Gen) 32GB Space Gray","Asset","Apple-iPad","iPad (8th Gen) 32GB Wi-Fi + Cellular Space Gray","false","true","iPad832W+CSG","190199810143"
"false","iPad (8th Gen) 32GB Gold","Asset","Apple-iPad","iPad (8th Gen) 32GB Wi-Fi Gold","false","true","iPad832WG","190199807662"
"false","iPad (8th Gen) 32GB Silver","Asset","Apple-iPad","iPad (8th Gen) 32GB Wi-Fi Silver","false","true","iPad832WS","190199807433"
"false","iPad (8th Gen) 32GB Space Gray","Asset","Apple-iPad","iPad (8th Gen) 32GB Wi-Fi Space Gray","false","true","iPad832WSG","190199807204"
"false","iPad (9th Gen) 256GB Silver","Asset","Apple-iPad","iPad (9th Gen) 256GB Wi-Fi + Cellular Silver","false","true","iPad9256W+CS","194252516874"
"false","iPad (9th Gen) 256GB Space Gray","Asset","Apple-iPad","iPad (9th Gen) 256GB Wi-Fi + Cellular Space Gray","false","true","iPad9256W+CSG","194252516690"
"false","iPad (9th Gen) 256GB Silver","Asset","Apple-iPad","iPad (9th Gen) 256GB Wi-Fi Silver","false","true","iPad9256WS","194252516164"
"false","iPad (9th Gen) 256GB Space Gray","Asset","Apple-iPad","iPad (9th Gen) 256GB Wi-Fi Space Gray","false","true","iPad9256WSG","194252515990"
"false","iPad (9th Gen) 64GB Silver","Asset","Apple-iPad","iPad (9th Gen) 64GB Wi-Fi + Cellular Silver","false","true","iPad964W+CS","194252516515"
"false","iPad (9th Gen) 64GB Space Gray","Asset","Apple-iPad","iPad (9th Gen) 64GB Wi-Fi + Cellular Space Gray","false","true","iPad964W+CSG","194252516331"
"false","iPad (9th Gen) 64GB Silver","Asset","Apple-iPad","iPad (9th Gen) 64GB Wi-Fi Silver","false","true","iPad964WS","194252515822"
"false","iPad (9th Gen) 64GB Space Gray","Asset","Apple-iPad","iPad (9th Gen) 64GB Wi-Fi Space Gray","false","true","iPad964WSG","194252515655"
"false","iPad Air (2nd Gen) 32GB Silver","Asset","Apple-iPad","iPad Air (2nd Gen) 32GB Wi-Fi + Cellular Silver","false","true","iPadAir232W+CS","190198163813"
"false","iPad Air (2nd Gen) 64GB Space Gray","Asset","Apple-iPad","iPad Air (2nd Gen) 64GB Wi-Fi + Cellular Space Gray","false","true","iPadAir264W+CSG","190198075314"
"false","iPad Air (2nd Gen) 64GB Space Gray","Asset","Apple-iPad","iPad Air (2nd Gen) 64GB Wi-Fi Space Gray","false","true","iPadAir264WSG","190198066510"
"false","iPad Air (3rd Gen) 256GB Space Gray","Asset","Apple-iPad","iPad Air (3rd Gen) 256GB Wi-Fi Space Gray","false","true","iPadAir3256WSG","190199084222"
"false","iPad Air (3rd Gen) 64GB Space Gray","Asset","Apple-iPad","iPad Air (3rd Gen) 64GB Wi-Fi + Cellular Space Gray","false","true","iPadAir364W+CSG","190199081261"
"false","iPad Air (4th Gen) 256GB Green","Asset","Apple-iPad","iPad Air (4th Gen) 256GB Wi-Fi + Cellular Green","false","true","iPadAir4256W+CG","190199791893"
"false","iPad Air (4th Gen) 256GB Rose Gold","Asset","Apple-iPad","iPad Air (4th Gen) 256GB Wi-Fi + Cellular Rose Gold","false","true","iPadAir4256W+CRG","190199795532"
"false","iPad Air (4th Gen) 256GB Silver","Asset","Apple-iPad","iPad Air (4th Gen) 256GB Wi-Fi + Cellular Silver","false","true","iPadAir4256W+CS","190199794382"
"false","iPad Air (4th Gen) 256GB Sky Blue","Asset","Apple-iPad","iPad Air (4th Gen) 256GB Wi-Fi + Cellular Sky Blue","false","true","iPadAir4256W+CSB","190199798083"
"false","iPad Air (4th Gen) 256GB Space Gray","Asset","Apple-iPad","iPad Air (4th Gen) 256GB Wi-Fi + Cellular Space Gray","false","true","iPadAir4256W+CSG","190199793231"
"false","iPad Air (4th Gen) 64GB Green","Asset","Apple-iPad","iPad Air (4th Gen) 64GB Wi-Fi + Cellular Green","false","true","iPadAir464W+CG","190199790575"
"false","iPad Air (4th Gen) 64GB Rose Gold","Asset","Apple-iPad","iPad Air (4th Gen) 64GB Wi-Fi + Cellular Rose Gold","false","true","iPadAir464W+CRG","190199789783"
"false","iPad Air (4th Gen) 64GB Silver","Asset","Apple-iPad","iPad Air (4th Gen) 64GB Wi-Fi + Cellular Silver","false","true","iPadAir464W+CS","190199788633"
"false","iPad Air (4th Gen) 64GB Sky Blue","Asset","Apple-iPad","iPad Air (4th Gen) 64GB Wi-Fi + Cellular Sky Blue","false","true","iPadAir464W+CSB","190199791718"
"false","iPad Air (4th Gen) 64GB Space Gray","Asset","Apple-iPad","iPad Air (4th Gen) 64GB Wi-Fi + Cellular Space Gray","false","true","iPadAir464W+CSG","190199787483"
"false","iPad Air (5th Gen) 256GB Blue","Asset","Apple-iPad","iPad Air (5th Gen) 256GB Wi-Fi + Cellular Blue","false","true","iPadAir5256W+CB","194252828236"
"false","iPad Air (5th Gen) 256GB Pink","Asset","Apple-iPad","iPad Air (5th Gen) 256GB Wi-Fi + Cellular Pink","false","true","iPadAir5256W+Cpi","194252823613"
"false","iPad Air (5th Gen) 256GB Purple","Asset","Apple-iPad","iPad Air (5th Gen) 256GB Wi-Fi + Cellular Purple","false","true","iPadAir5256W+Cpu","194252825945"
"false","iPad Air (5th Gen) 256GB Space Gray","Asset","Apple-iPad","iPad Air (5th Gen) 256GB Wi-Fi + Cellular Space Gray","false","true","iPadAir5256W+CSG","194252821626"
"false","iPad Air (5th Gen) 256GB Starlight","Asset","Apple-iPad","iPad Air (5th Gen) 256GB Wi-Fi + Cellular Starlight","false","true","iPadAir5256W+CS","194252814468"
"false","iPad Air (5th Gen) 64GB Blue","Asset","Apple-iPad","iPad Air (5th Gen) 64GB Wi-Fi + Cellular Blue","false","true","iPadAir564W+CB","194252806807"
"false","iPad Air (5th Gen) 64GB Purple","Asset","Apple-iPad","iPad Air (5th Gen) 64GB Wi-Fi + Cellular Purple","false","true","iPadAir564W+CP","194252834800"
"false","iPad Air (5th Gen) 64GB Space Gray","Asset","Apple-iPad","iPad Air (5th Gen) 64GB Wi-Fi + Cellular Space Gray","false","true","iPadAir564W+CSG","194252806203"
"false","iPad Air (5th Gen) 64GB Starlight","Asset","Apple-iPad","iPad Air (5th Gen) 64GB Wi-Fi + Cellular Starlight","false","true","iPadAir564W+CS","194252809051"
"false","iPad Air (M2) 11"" 128GB Blue","Asset","Apple-iPad","iPad Air (M2) 11"" 128GB Wi-Fi + Cellular Blue","false","true","iPadAirM211128W+CB","195949193071"
"false","iPad Air (M2) 11"" 128GB Space Gray","Asset","Apple-iPad","iPad Air (M2) 11"" 128GB Wi-Fi + Cellular Space Gray","false","true","iPadAirM211128W+CSG","195949193156"
"false","iPad Air (M2) 11"" 128GB Blue","Asset","Apple-iPad","iPad Air (M2) 11"" 128GB Wi-Fi Blue","false","true","iPadAirM211128WB","195949189098"
"false","iPad Air (M2) 11"" 128GB Purple","Asset","Apple-iPad","iPad Air (M2) 11"" 128GB Wi-Fi Purple","false","true","iPadAirM211128WP","195949190100"
"false","iPad Air (M2) 11"" 128GB Space Gray","Asset","Apple-iPad","iPad Air (M2) 11"" 128GB Wi-Fi Space Gray","false","true","iPadAirM211128WSG","195949188138"
"false","iPad Air (M2) 11"" 128GB Starlight","Asset","Apple-iPad","iPad Air (M2) 11"" 128GB Wi-Fi Starlight","false","true","iPadAirM211128WS","195949191091"
"false","iPad Air (M2) 11"" 256GB Space Gray","Asset","Apple-iPad","iPad Air (M2) 11"" 256GB Wi-Fi Space Gray","false","true","iPadAirM211256WSG","195949216390"
"false","iPad Air (M2) 13"" 128GB Space Gray","Asset","Apple-iPad","iPad Air (M2) 13"" 128GB Wi-Fi Space Gray","false","true","iPadAirM213128WSG","195949280627"
"false","iPad Air (M2) 13"" 256GB Space Gray","Asset","Apple-iPad","iPad Air (M2) 13"" 256GB Wi-Fi + Cellular Space Gray","false","true","iPadAirM213256W+CSG","195949287343"
"false","iPad Air 11"" (M2) 128GB Purple","Asset","Apple-iPad","iPad Air 11"" (M2) 128GB Wi-Fi + Cellular Purple","false","true","iPadAir11M2128W+CP","195949193194"
"false","iPad Air 11"" (M2) 128GB Space Gray","Asset","Apple-iPad","iPad Air 11"" (M2) 128GB Wi-Fi + Cellular Space Gray","false","true","iPadAir11M2128W+CSG","195949204074"
"false","iPad Air 11"" (M2) 128GB Starlight","Asset","Apple-iPad","iPad Air 11"" (M2) 128GB Wi-Fi + Cellular Starlight","false","true","iPadAir11M2128W+CS","195949193019"
"false","iPad Air 11"" (M2) 1TB Space Gray","Asset","Apple-iPad","iPad Air 11"" (M2) 1TB Space Gray","false","true","iPadAir11M21TBSG","195949190537"
"false","iPad Air 11"" (M2) 1TB Blue","Asset","Apple-iPad","iPad Air 11"" (M2) 1TB Wi-Fi + Cellular Blue","false","true","iPadAir11M21TBW+CB","195949207457"
"false","iPad Air 11"" (M2) 1TB Purple","Asset","Apple-iPad","iPad Air 11"" (M2) 1TB Wi-Fi + Cellular Purple","false","true","iPadAir11M21TBW+CP","195949207648"
"false","iPad Air 11"" (M2) 1TB Space Gray","Asset","Apple-iPad","iPad Air 11"" (M2) 1TB Wi-Fi + Cellular Space Gray","false","true","iPadAir11M21TBW+CSG","195949207266"
"false","iPad Air 11"" (M2) 1TB Starlight","Asset","Apple-iPad","iPad Air 11"" (M2) 1TB Wi-Fi + Cellular Starlight","false","true","iPadAir11M21TBW+CS","195949207716"
"false","iPad Air 11"" (M2) 1TB Blue","Asset","Apple-iPad","iPad Air 11"" (M2) 1TB Wi-Fi Blue","false","true","iPadAir11M21TBWB","195949191640"
"false","iPad Air 11"" (M2) 1TB Space Gray","Asset","Apple-iPad","iPad Air 11"" (M2) 1TB Wi-Fi Space Gray","false","true","iPadAir11M21TBWSG","195949191374"
"false","iPad Air 11"" (M2) 256GB Blue","Asset","Apple-iPad","iPad Air 11"" (M2) 256GB Wi-Fi + Cellular Blue","false","true","iPadAir11M2256W+CB","195949219612"
"false","iPad Air 11"" (M2) 256GB Purple","Asset","Apple-iPad","iPad Air 11"" (M2) 256GB Wi-Fi + Cellular Purple","false","true","iPadAir11M2256W+CP","195949219919"
"false","iPad Air 11"" (M2) 256GB Space Gray","Asset","Apple-iPad","iPad Air 11"" (M2) 256GB Wi-Fi + Cellular Space Gray","false","true","iPadAir11M2256W+CSG","195949219315"
"false","iPad Air 11"" (M2) 256GB Starlight","Asset","Apple-iPad","iPad Air 11"" (M2) 256GB Wi-Fi + Cellular Starlight","false","true","iPadAir11M2256W+CS","195949220212"
"false","iPad Air 11"" (M2) 256GB Blue","Asset","Apple-iPad","iPad Air 11"" (M2) 256GB Wi-Fi Blue","false","true","iPadAir11M2256WB","195949189425"
"false","iPad Air 11"" (M2) 256GB Purple","Asset","Apple-iPad","iPad Air 11"" (M2) 256GB Wi-Fi Purple","false","true","iPadAir11M2256WP","195949189616"
"false","iPad Air 11"" (M2) 256GB Starlight","Asset","Apple-iPad","iPad Air 11"" (M2) 256GB Wi-Fi Starlight","false","true","iPadAir11M2256WS","195949189807"
"false","iPad Air 11"" (M2) 512GB Blue","Asset","Apple-iPad","iPad Air 11"" (M2) 512GB Wi-Fi + Cellular Blue","false","true","iPadAir11M2512W+CB","195949190544"
"false","iPad Air 11"" (M2) 512GB Purple","Asset","Apple-iPad","iPad Air 11"" (M2) 512GB Wi-Fi + Cellular Purple","false","true","iPadAir11M2512W+CP","195949190797"
"false","iPad Air 11"" (M2) 512GB Space Gray","Asset","Apple-iPad","iPad Air 11"" (M2) 512GB Wi-Fi + Cellular Space Gray","false","true","iPadAir11M2512W+CSG","195949190292"
"false","iPad Air 11"" (M2) 512GB Starlight","Asset","Apple-iPad","iPad Air 11"" (M2) 512GB Wi-Fi + Cellular Starlight","false","true","iPadAir11M2512W+CS","195949191046"
"false","iPad Air 11"" (M2) 512GB Starlight","Asset","Apple-iPad","iPad Air 11"" (M2) 512GB Wi-Fi Starlight","false","true","iPadAir11M2512WS","195949190834"
"false","iPad Air 11"" (M3) 128GB Blue","Asset","Apple-iPad","iPad Air 11"" (M3) 128GB Wi-Fi + Cellular Blue","false","true","iPadAir11M3128W+CB","195949986437"
"false","iPad Air 11"" (M3) 128GB Purple","Asset","Apple-iPad","iPad Air 11"" (M3) 128GB Wi-Fi + Cellular Purple","false","true","iPadAir11M3128W+CP","195949986659"
"false","iPad Air 11"" (M3) 128GB Space Gray","Asset","Apple-iPad","iPad Air 11"" (M3) 128GB Wi-Fi + Cellular Space Gray","false","true","iPadAir11M3128W+CSG","195949986215"
"false","iPad Air 11"" (M3) 128GB Starlight","Asset","Apple-iPad","iPad Air 11"" (M3) 128GB Wi-Fi + Cellular Starlight","false","true","iPadAir11M3128W+CS","195949986871"
"false","iPad Air 11"" (M3) 128GB Blue","Asset","Apple-iPad","iPad Air 11"" (M3) 128GB Wi-Fi Blue","false","true","iPadAir11M3128WB","195950069013"
"false","iPad Air 11"" (M3) 128GB Purple","Asset","Apple-iPad","iPad Air 11"" (M3) 128GB Wi-Fi Purple","false","true","iPadAir11M3128WP","195950069020"
"false","iPad Air 11"" (M3) 128GB Space Gray","Asset","Apple-iPad","iPad Air 11"" (M3) 128GB Wi-Fi Space Gray","false","true","iPadAir11M3128WSG","195950069006"
"false","iPad Air 11"" (M3) 128GB Starlight","Asset","Apple-iPad","iPad Air 11"" (M3) 128GB Wi-Fi Starlight","false","true","iPadAir11M3128WS","195950069037"
"false","iPad Air 11"" (M3) 1TB Space Gray","Asset","Apple-iPad","iPad Air 11"" (M3) 1TB Wi-Fi + Cellular Space Gray","false","true","iPadAir11M31TBW+CSG","195949991271"
"false","iPad Air 11"" (M3) 1TB Blue","Asset","Apple-iPad","iPad Air 11"" (M3) 1TB Wi-Fi Blue","false","true","iPadAir11M31TBWB","195950069228"
"false","iPad Air 11"" (M3) 256GB Blue","Asset","Apple-iPad","iPad Air 11"" (M3) 256GB Wi-Fi + Cellular Blue","false","true","iPadAir11M3256W+CB","195949987311"
"false","iPad Air 11"" (M3) 256GB Space Gray","Asset","Apple-iPad","iPad Air 11"" (M3) 256GB Wi-Fi + Cellular Space Gray","false","true","iPadAir11M3256W+CSG","195949987090"
"false","iPad Air 11"" (M3) 256GB Space Gray","Asset","Apple-iPad","iPad Air 11"" (M3) 256GB Wi-Fi Space Gray","false","true","iPadAir11M3256WSG","195950069082"
"false","iPad Air 11"" (M3) 512GB Purple","Asset","Apple-iPad","iPad Air 11"" (M3) 512GB Wi-Fi Purple","false","true","iPadAir11M3512WP","195950069167"
"false","iPad Air 11"" (M4) 128GB Blue","Asset","Apple-iPad","iPad Air 11"" (M4) 128GB Blue","false","true","AIR11M4128B","X80000000000000002"
"false","iPad Air 11"" (M4) 128GB Purple","Asset","Apple-iPad","iPad Air 11"" (M4) 128GB Purple","false","true","AIR11M4128P","X80000000000000003"
"false","iPad Air 11"" (M4) 128GB Space Gray","Asset","Apple-iPad","iPad Air 11"" (M4) 128GB Space Gray","false","true","AIR11M4128SG","X80000000000000002"
"false","iPad Air 11"" (M4) 128GB Starlight","Asset","Apple-iPad","iPad Air 11"" (M4) 128GB Starlight","false","true","AIR11M4128S","X80000000000000004"
"false","iPad Air 11"" (M4) 1TB Blue","Asset","Apple-iPad","iPad Air 11"" (M4) 1TB Blue","false","true","AIR11M41TBB","X80000000000000013"
"false","iPad Air 11"" (M4) 1TB Purple","Asset","Apple-iPad","iPad Air 11"" (M4) 1TB Purple","false","true","AIR11M41TBP","X80000000000000014"
"false","iPad Air 11"" (M4) 1TB Space Gray","Asset","Apple-iPad","iPad Air 11"" (M4) 1TB Space Gray","false","true","AIR11M41TBSG","X80000000000000012"
"false","iPad Air 11"" (M4) 1TB Starlight","Asset","Apple-iPad","iPad Air 11"" (M4) 1TB Starlight","false","true","AIR11M41TBS","X80000000000000015"
"false","iPad Air 11"" (M4) 256GB Blue","Asset","Apple-iPad","iPad Air 11"" (M4) 256GB Blue","false","true","AIR11M4256B","X80000000000000006"
"false","iPad Air 11"" (M4) 256GB Purple","Asset","Apple-iPad","iPad Air 11"" (M4) 256GB Purple","false","true","AIR11M4256P","X80000000000000007"
"false","iPad Air 11"" (M4) 256GB Space Gray","Asset","Apple-iPad","iPad Air 11"" (M4) 256GB Space Gray","false","true","AIR11M4256SG","X80000000000000005"
"false","iPad Air 11"" (M4) 256GB Starlight","Asset","Apple-iPad","iPad Air 11"" (M4) 256GB Starlight","false","true","AIR11M4256S","X80000000000000008"
"false","iPad Air 11"" (M4) 512GB Blue","Asset","Apple-iPad","iPad Air 11"" (M4) 512GB Blue","false","true","AIR11M4512B","X80000000000000010"
"false","iPad Air 11"" (M4) 512GB Purple","Asset","Apple-iPad","iPad Air 11"" (M4) 512GB Purple","false","true","AIR11M4512P","X80000000000000011"
"false","iPad Air 11"" (M4) 512GB Space Gray","Asset","Apple-iPad","iPad Air 11"" (M4) 512GB Space Gray","false","true","AIR11M4512SG","X80000000000000009"
"false","iPad Air 11"" (M4) 512GB Starlight","Asset","Apple-iPad","iPad Air 11"" (M4) 512GB Starlight","false","true","AIR11M4512S","X80000000000000012"
"false","iPad Air 13"" (M2) 128GB Blue","Asset","Apple-iPad","iPad Air 13"" (M2) 128GB Wi-Fi + Cellular Blue","false","true","iPadAir13M2128W+CB","195949266362"
"false","iPad Air 13"" (M2) 128GB Purple","Asset","Apple-iPad","iPad Air 13"" (M2) 128GB Wi-Fi + Cellular Purple","false","true","iPadAir13M2128W+CP","195949289248"
"false","iPad Air 13"" (M2) 128GB Starlight","Asset","Apple-iPad","iPad Air 13"" (M2) 128GB Wi-Fi + Cellular Starlight","false","true","iPadAir13M2128W+CS","195949290206"
"false","iPad Air 13"" (M2) 128GB Space Gray","Asset","Apple-iPad","iPad Air 13"" (M2) 128GB Wi-Fi Space Gray","false","true","iPadAir13M2128WSG","195949191831"
"false","iPad Air 13"" (M2) 1TB Space Gray","Asset","Apple-iPad","iPad Air 13"" (M2) 1TB Space Gray","false","true","iPadAir13M21TBSG","195949256059"
"false","iPad Air 13"" (M2) 1TB Blue","Asset","Apple-iPad","iPad Air 13"" (M2) 1TB Wi-Fi + Cellular Blue","false","true","iPadAir13M21TBW+CB","195949299803"
"false","iPad Air 13"" (M2) 1TB Purple","Asset","Apple-iPad","iPad Air 13"" (M2) 1TB Wi-Fi + Cellular Purple","false","true","iPadAir13M21TBW+CP","195949300769"
"false","iPad Air 13"" (M2) 1TB Space Gray","Asset","Apple-iPad","iPad Air 13"" (M2) 1TB Wi-Fi + Cellular Space Gray","false","true","iPadAir13M21TBW+CSG","195949298844"
"false","iPad Air 13"" (M2) 1TB Starlight","Asset","Apple-iPad","iPad Air 13"" (M2) 1TB Wi-Fi + Cellular Starlight","false","true","iPadAir13M21TBW+CS","195949301728"
"false","iPad Air 13"" (M2) 1TB Starlight","Asset","Apple-iPad","iPad Air 13"" (M2) 1TB Wi-Fi Starlight","false","true","iPadAir13M21TBWS","195949287114"
"false","iPad Air 13"" (M2) 256GB Blue","Asset","Apple-iPad","iPad Air 13"" (M2) 256GB Wi-Fi + Cellular Blue","false","true","iPadAir13M2256W+CB","195949292125"
"false","iPad Air 13"" (M2) 256GB Purple","Asset","Apple-iPad","iPad Air 13"" (M2) 256GB Wi-Fi + Cellular Purple","false","true","iPadAir13M2256W+CP","195949293085"
"false","iPad Air 13"" (M2) 256GB Space Gray","Asset","Apple-iPad","iPad Air 13"" (M2) 256GB Wi-Fi + Cellular Space Gray","false","true","iPadAir13M2256W+CSG","195949291166"
"false","iPad Air 13"" (M2) 256GB Starlight","Asset","Apple-iPad","iPad Air 13"" (M2) 256GB Wi-Fi + Cellular Starlight","false","true","iPadAir13M2256W+CS","195949294044"
"false","iPad Air 13"" (M2) 256GB Starlight","Asset","Apple-iPad","iPad Air 13"" (M2) 256GB Wi-Fi Starlight","false","true","iPadAir13M2256WS","195949255229"
"false","iPad Air 13"" (M2) 512GB Blue","Asset","Apple-iPad","iPad Air 13"" (M2) 512GB Wi-Fi + Cellular Blue","false","true","iPadAir13M2512W+CB","195949268281"
"false","iPad Air 13"" (M2) 512GB Purple","Asset","Apple-iPad","iPad Air 13"" (M2) 512GB Wi-Fi + Cellular Purple","false","true","iPadAir13M2512W+CP","195949296925"
"false","iPad Air 13"" (M2) 512GB Space Gray","Asset","Apple-iPad","iPad Air 13"" (M2) 512GB Wi-Fi + Cellular Space Gray","false","true","iPadAir13M2512W+CSG","195949295003"
"false","iPad Air 13"" (M2) 512GB Starlight","Asset","Apple-iPad","iPad Air 13"" (M2) 512GB Wi-Fi + Cellular Starlight","false","true","iPadAir13M2512W+CS","195949297885"
"false","iPad Air 13"" (M2) 512GB Purple","Asset","Apple-iPad","iPad Air 13"" (M2) 512GB Wi-Fi Purple","false","true","iPadAir13M2512WP","195949286520"
"false","iPad Air 13"" (M2) 512GB Space Gray","Asset","Apple-iPad","iPad Air 13"" (M2) 512GB Wi-Fi Space Gray","false","true","iPadAir13M2512WSG","195949255397"
"false","iPad Air 13"" (M3) 128GB Blue","Asset","Apple-iPad","iPad Air 13"" (M3) 128GB Wi-Fi + Cellular Blue","false","true","iPadAir13M3128W+CB","195949964053"
"false","iPad Air 13"" (M3) 128GB Purple","Asset","Apple-iPad","iPad Air 13"" (M3) 128GB Wi-Fi + Cellular Purple","false","true","iPadAir13M3128W+CP","195949964282"
"false","iPad Air 13"" (M3) 128GB Space Gray","Asset","Apple-iPad","iPad Air 13"" (M3) 128GB Wi-Fi + Cellular Space Gray","false","true","iPadAir13M3128W+CSG","195949963827"
"false","iPad Air 13"" (M3) 128GB Starlight","Asset","Apple-iPad","iPad Air 13"" (M3) 128GB Wi-Fi + Cellular Starlight","false","true","iPadAir13M3128W+CS","195949964510"
"false","iPad Air 13"" (M3) 128GB Starlight","Asset","Apple-iPad","iPad Air 13"" (M3) 128GB Wi-Fi Starlight","false","true","iPadAir13M3128WS","195950069266"
"false","iPad Air 13"" (M3) 1TB Blue","Asset","Apple-iPad","iPad Air 13"" (M3) 1TB Wi-Fi + Cellular Blue","false","true","iPadAir13M31TBW+CB","195949966767"
"false","iPad Air 13"" (M3) 1TB Starlight","Asset","Apple-iPad","iPad Air 13"" (M3) 1TB Wi-Fi Starlight","false","true","iPadAir13M31TBWS","195950069495"
"false","iPad Air 13"" (M3) 256GB Space Gray","Asset","Apple-iPad","iPad Air 13"" (M3) 256GB Wi-Fi + Cellular Space Gray","false","true","iPadAir13M3256W+CSG","195949964749"
"false","iPad Air 13"" (M3) 256GB Blue","Asset","Apple-iPad","iPad Air 13"" (M3) 256GB Wi-Fi Blue","false","true","iPadAir13M3256WB","195950069358"
"false","iPad Air 13"" (M3) 512GB Blue","Asset","Apple-iPad","iPad Air 13"" (M3) 512GB Wi-Fi + Cellular Blue","false","true","iPadAir13M3512W+CB","195950069433"
"false","iPad Air 13"" (M4) 128GB Blue","Asset","Apple-iPad","iPad Air 13"" (M4) 128GB Blue","false","true","AIR13M4128B","X80000000000000017"
"false","iPad Air 13"" (M4) 128GB Purple","Asset","Apple-iPad","iPad Air 13"" (M4) 128GB Purple","false","true","AIR13M4128P","X80000000000000018"
"false","iPad Air 13"" (M4) 128GB Space Gray","Asset","Apple-iPad","iPad Air 13"" (M4) 128GB Space Gray","false","true","AIR13M4128SG","X80000000000000016"
"false","iPad Air 13"" (M4) 128GB Starlight","Asset","Apple-iPad","iPad Air 13"" (M4) 128GB Starlight","false","true","AIR13M4128S","X80000000000000019"
"false","iPad Air 13"" (M4) 1TB Blue","Asset","Apple-iPad","iPad Air 13"" (M4) 1TB Blue","false","true","AIR13M41TBB","X80000000000000029"
"false","iPad Air 13"" (M4) 1TB Purple","Asset","Apple-iPad","iPad Air 13"" (M4) 1TB Purple","false","true","AIR13M41TBP","X80000000000000030"
"false","iPad Air 13"" (M4) 1TB Space Gray","Asset","Apple-iPad","iPad Air 13"" (M4) 1TB Space Gray","false","true","AIR13M41TBSG","X80000000000000028"
"false","iPad Air 13"" (M4) 1TB Starlight","Asset","Apple-iPad","iPad Air 13"" (M4) 1TB Starlight","false","true","AIR13M41TBS","X80000000000000031"
"false","iPad Air 13"" (M4) 256GB Blue","Asset","Apple-iPad","iPad Air 13"" (M4) 256GB Blue","false","true","AIR13M4256B","X80000000000000021"
"false","iPad Air 13"" (M4) 256GB Purple","Asset","Apple-iPad","iPad Air 13"" (M4) 256GB Purple","false","true","AIR13M4256P","X80000000000000022"
"false","iPad Air 13"" (M4) 256GB Space Gray","Asset","Apple-iPad","iPad Air 13"" (M4) 256GB Space Gray","false","true","AIR13M4256SG","X80000000000000020"
"false","iPad Air 13"" (M4) 256GB Starlight","Asset","Apple-iPad","iPad Air 13"" (M4) 256GB Starlight","false","true","AIR13M4256S","X80000000000000023"
"false","iPad Air 13"" (M4) 512GB Blue","Asset","Apple-iPad","iPad Air 13"" (M4) 512GB Blue","false","true","AIR13M4512B","X80000000000000025"
"false","iPad Air 13"" (M4) 512GB Purple","Asset","Apple-iPad","iPad Air 13"" (M4) 512GB Purple","false","true","AIR13M4512P","X80000000000000026"
"false","iPad Air 13"" (M4) 512GB Space Gray","Asset","Apple-iPad","iPad Air 13"" (M4) 512GB Space Gray","false","true","AIR13M4512SG","X80000000000000024"
"false","iPad Air 13"" (M4) 512GB Starlight","Asset","Apple-iPad","iPad Air 13"" (M4) 512GB Starlight","false","true","AIR13M4512S","X80000000000000027"
"true","iPad Case Strap","Item","Accessory","iPad Case Strap","false","false","iPadStrap","123123456456"
"true","iPad Case","Item","Accessory","iPad Case: Generic","false","false","iPadCG","1234567899"
"true","iPad Magic Keyboard Case","Item","Accessory","iPad Magic Keyboard for iPad Pro 13""","false","false","iPMKfiPP13""","195949484407"
"false","iPad Mini (A17 Pro) 128GB Space Gray","Asset","Apple-iPad","iPad Mini (A17 Pro) 128GB Space Gray","false","true","iPadMiniA17P128GBSG","X800000000000000010"
"false","iPad Pro 10.5"" (A10X, 2017) 256GB Space Gray","Asset","Apple-iPad","iPad Pro 10.5"" (A10X, 2017) 256GB Wi-Fi + Cellular Space Gray","false","true","iPadPro10.5A10X256W+CSG","190198331434"
"false","iPad Pro 10.5"" (A10X, 2017) 64GB Space Gray","Asset","Apple-iPad","iPad Pro 10.5"" (A10X, 2017) 64GB Wi-Fi + Cellular Space Gray","false","true","iPadPro10.5A10X64W+CSG","190198351059"
"false","iPad Pro 11"" (A12X, 2018) 64GB Space Gray","Asset","Apple-iPad","iPad Pro 11"" (A12X, 2018) 64GB Wi-Fi + Cellular Space Gray","false","true","iPadPro11A12X64W+CSG","190198889980"
"false","iPad Pro 11"" (A12Z, 2020) 128GB Wi-Fi + Cellular Silver","Asset","Apple-iPad","iPad Pro 11"" (A12Z, 2020) 128GB Wi-Fi + Cellular Silver","false","true","iPadPro11A12Z128W+CS","190000123456"
"false","iPad Pro 11"" (A12Z, 2020) 128GB Space Gray","Asset","Apple-iPad","iPad Pro 11"" (A12Z, 2020) 128GB Wi-Fi + Cellular Space Gray","false","true","iPadPro11A12Z128W+CSG","190199462719"
"false","iPad Pro 11"" (A12Z, 2020) 256GB Wi-Fi + Cellular Silver","Asset","Apple-iPad","iPad Pro 11"" (A12Z, 2020) 256GB Wi-Fi + Cellular Silver","false","true","iPadPro11A12Z256W+CS","191234987654"
"false","iPad Pro 11"" (A12Z, 2020) 512GB Space Gray","Asset","Apple-iPad","iPad Pro 11"" (A12Z, 2020) 512GB Wi-Fi + Cellular Space Gray","false","true","iPadPro11A12Z512W+CSG","190199423763"
"false","iPad Pro 11"" (M1) 128GB Space Gray","Asset","Apple-iPad","iPad Pro 11"" (M1) 128GB Wi-Fi + Cellular Space Gray","false","true","iPadPro11M1128W+CSG","888462883478"
"false","iPad Pro 11"" (M1) 128GB Silver","Asset","Apple-iPad","iPad Pro 11"" (M1) 128GB Wi-Fi Silver","false","true","iPadPro11M1128WS","194252202196"
"false","iPad Pro 11"" (M1) 128GB Space Gray","Asset","Apple-iPad","iPad Pro 11"" (M1) 128GB Wi-Fi Space Gray","false","true","iPadPro11M1128WSG","194252201992"
"false","iPad Pro 11"" (M1) 1TB Space Gray","Asset","Apple-iPad","iPad Pro 11"" (M1) 1TB Wi-Fi + Cellular Space Gray","false","true","iPadPro11M11TBW+CSG","194252202516"
"false","iPad Pro 11"" (M1) 1TB Space Gray","Asset","Apple-iPad","iPad Pro 11"" (M1) 1TB Wi-Fi Space Gray","false","true","iPadPro11M11TBWSG","194252202067"
"false","iPad Pro 11"" (M1) 256GB Silver","Asset","Apple-iPad","iPad Pro 11"" (M1) 256GB Wi-Fi + Cellular Silver","false","true","iPadPro11M1256W+CS","888462883485"
"false","iPad Pro 11"" (M1) 256GB Space Gray","Asset","Apple-iPad","iPad Pro 11"" (M1) 256GB Wi-Fi + Cellular Space Gray","false","true","iPadPro11M1256W+CSG","194252202394"
"false","iPad Pro 11"" (M1) 256GB Space Gray","Asset","Apple-iPad","iPad Pro 11"" (M1) 256GB Wi-Fi Space Gray","false","true","iPadPro11M1256WSG","194252202029"
"false","iPad Pro 11"" (M1) 2TB Space Gray","Asset","Apple-iPad","iPad Pro 11"" (M1) 2TB Wi-Fi + Cellular Space Gray","false","true","iPadPro11M12TBW+CSG","194252202530"
"false","iPad Pro 11"" (M1) 2TB Space Gray","Asset","Apple-iPad","iPad Pro 11"" (M1) 2TB Wi-Fi Space Gray","false","true","iPadPro11M12TBWSG","194252202081"
"false","iPad Pro 11"" (M1) 512GB Space Gray","Asset","Apple-iPad","iPad Pro 11"" (M1) 512GB Wi-Fi + Cellular Space Gray","false","true","iPadPro11M1512W+CSG","194252202424"
"false","iPad Pro 11"" (M1) 512GB Space Gray","Asset","Apple-iPad","iPad Pro 11"" (M1) 512GB Wi-Fi Space Gray","false","true","iPadPro11M1512WSG","194252202043"
"false","iPad Pro 11"" (M2) 128GB Space Gray","Asset","Apple-iPad","iPad Pro 11"" (M2) 128GB Wi-Fi + Cellular Space Gray","false","true","iPadPro11M2128W+CSG","194253265542"
"false","iPad Pro 11"" (M2) 128GB Space Gray","Asset","Apple-iPad","iPad Pro 11"" (M2) 128GB Wi-Fi Space Gray","false","true","iPadPro11M2128WSG","194253259978"
"false","iPad Pro 11"" (M2) 1TB Space Gray","Asset","Apple-iPad","iPad Pro 11"" (M2) 1TB Wi-Fi + Cellular Space Gray","false","true","iPadPro11M21TBW+CSG","194253272632"
"false","iPad Pro 11"" (M2) 256GB Silver","Asset","Apple-iPad","iPad Pro 11"" (M2) 256GB Wi-Fi + Cellular Silver","false","true","iPadPro11M2256W+CS","194253267232"
"false","iPad Pro 11"" (M2) 256GB Space Gray","Asset","Apple-iPad","iPad Pro 11"" (M2) 256GB Wi-Fi + Cellular Space Gray","false","true","iPadPro11M2256W+CSG","194253248453"
"false","iPad Pro 11"" (M2) 256GB Silver","Asset","Apple-iPad","iPad Pro 11"" (M2) 256GB Wi-Fi Silver","false","true","iPadPro11M2256WS","194253261629"
"false","iPad Pro 11"" (M2) 2TB Silver","Asset","Apple-iPad","iPad Pro 11"" (M2) 2TB Wi-Fi + Cellular Silver","false","true","iPadPro11M22TBW+CS","194253275367"
"false","iPad Pro 11"" (M2) 512GB Space Gray","Asset","Apple-iPad","iPad Pro 11"" (M2) 512GB Wi-Fi + Cellular Space Gray","false","true","iPadPro11M2512W+CSG","194253267270"
"false","iPad Pro 11"" (M4) 1TB Silver","Asset","Apple-iPad","iPad Pro 11"" (M4) 1TB Wi-Fi + Cellular Silver","false","true","iPadPro11M41TBW+CS","195949226786"
"false","iPad Pro 11"" (M4) 1TB Space Black","Asset","Apple-iPad","iPad Pro 11"" (M4) 1TB Wi-Fi + Cellular Space Black","false","true","iPadPro11M41TBW+CSB","195949227059"
"false","iPad Pro 11"" (M4) 1TB Silver","Asset","Apple-iPad","iPad Pro 11"" (M4) 1TB Wi-Fi Silver","false","true","iPadPro11M41TBWS","195949223761"
"false","iPad Pro 11"" (M4) 1TB Space Black","Asset","Apple-iPad","iPad Pro 11"" (M4) 1TB Wi-Fi Space Black","false","true","iPadPro11M41TBWSB","195949223501"
"false","iPad Pro 11"" (M4) 256GB Silver","Asset","Apple-iPad","iPad Pro 11"" (M4) 256GB Wi-Fi + Cellular Silver","false","true","iPadPro11M4256W+CS","195949225796"
"false","iPad Pro 11"" (M4) 256GB Space Black","Asset","Apple-iPad","iPad Pro 11"" (M4) 256GB Wi-Fi + Cellular Space Black","false","true","iPadPro11M4256W+CSB","195949226069"
"false","iPad Pro 11"" (M4) 256GB Silver","Asset","Apple-iPad","iPad Pro 11"" (M4) 256GB Wi-Fi Silver","false","true","iPadPro11M4256WS","195949222726"
"false","iPad Pro 11"" (M4) 256GB Space Black","Asset","Apple-iPad","iPad Pro 11"" (M4) 256GB Wi-Fi Space Black","false","true","iPadPro11M4256WSB","195949222474"
"false","iPad Pro 11"" (M4) 512GB Silver","Asset","Apple-iPad","iPad Pro 11"" (M4) 512GB Wi-Fi + Cellular Silver","false","true","iPadPro11M4512W+CS","195949226311"
"false","iPad Pro 11"" (M4) 512GB Space Black","Asset","Apple-iPad","iPad Pro 11"" (M4) 512GB Wi-Fi + Cellular Space Black","false","true","iPadPro11M4512W+CSB","195949226540"
"false","iPad Pro 11"" (M4) 512GB Silver","Asset","Apple-iPad","iPad Pro 11"" (M4) 512GB Wi-Fi Silver","false","true","iPadPro11M4512WS","195949223075"
"false","iPad Pro 11"" (M4) 512GB Space Black","Asset","Apple-iPad","iPad Pro 11"" (M4) 512GB Wi-Fi Space Black","false","true","iPadPro11M4512WSB","195949223304"
"false","iPad Pro 11"" (M5) 1TB Silver with Standard Glass","Asset","Apple-iPad","iPad Pro 11"" (M5) 1TB Wi-Fi + Cellular Silver Standard Glass","false","true","iPadPro11M51TBW+CSSTDG","X80000000000000041"
"false","iPad Pro 11"" (M5) 1TB Silver with Nano-texture Glass","Asset","Apple-iPad","iPad Pro 11"" (M5) 1TB Wi-Fi + Cellular Silver with Nano-texture Glass","false","true","iPadPro11M51TBW+CSNG","X80000000000000037"
"false","iPad Pro 11"" (M5) 1TB Space Black with Standard Glass","Asset","Apple-iPad","iPad Pro 11"" (M5) 1TB Wi-Fi + Cellular Space Black Standard Glass","false","true","iPadPro11M51TBW+CSBSTDG","195950401752"
"false","iPad Pro 11"" (M5) 1TB Space Black with Nano-texture Glass","Asset","Apple-iPad","iPad Pro 11"" (M5) 1TB Wi-Fi + Cellular Space Gray with Nano-texture Glass","false","true","iPadPro11M51TBW+CSPNG","X80000000000000036"
"false","iPad Pro 11"" (M5) 256GB Silver Standard Glass","Asset","Apple-iPad","iPad Pro 11"" (M5) 256GB Wi-Fi + Cellular Silver Standard Glass","false","true","iPadPro11M5256W+CSSTDG","X80000000000000033"
"false","iPad Pro 11"" (M5) 256GB Wi-Fi + Cellular Silver Standard Glass","Asset","Apple-iPad","iPad Pro 11"" (M5) 256GB Wi-Fi + Cellular Silver Standard Glass","false","true","iPadPro11M5256W+CS","x80000256256"
"false","iPad Pro 11"" (M5) 256GB Space Black Standard Glass","Asset","Apple-iPad","iPad Pro 11"" (M5) 256GB Wi-Fi + Cellular Space Black Standard Glass","false","true","iPadPro11M5256W+CSB","195950400793"
"false","iPad Pro 11"" (M5) 2TB Silver with Standard Glass","Asset","Apple-iPad","iPad Pro 11"" (M5) 2TB Wi-Fi + Cellular Silver Standard Glass","false","true","iPadPro11M52TBW+CSSTDG","X80000000000000042"
"false","iPad Pro 11"" (M5) 2TB Silver with Nano-texture Glass","Asset","Apple-iPad","iPad Pro 11"" (M5) 2TB Wi-Fi + Cellular Silver with Nano-texture Glass","false","true","iPadPro11M52TBW+CSNG","X80000000000000038"
"false","iPad Pro 11"" (M5) 2TB Space Black with Standard Glass","Asset","Apple-iPad","iPad Pro 11"" (M5) 2TB Wi-Fi + Cellular Space Black Standard Glass","false","true","iPadPro11M52TBW+CSBSTDG","X80000000000000040"
"false","iPad Pro 11"" (M5) 2TB Space Black with Nano-texture Glass","Asset","Apple-iPad","iPad Pro 11"" (M5) 2TB Wi-Fi + Cellular Space Black with Nano-texture Glass","false","true","iPadPro11M52TBW+CSGNG","X80000000000000037"
"false","iPad Pro 11"" (M5) 512GB Silver with Standard Glass","Asset","Apple-iPad","iPad Pro 11"" (M5) 512GB  Wi-Fi + Cellular Silver Standard Glass","false","true","iPadPro11M5512W+CSSTDG","X80000000000000035"
"false","iPad Pro 11"" (M5) 512GB Space Black with Standard Glass","Asset","Apple-iPad","iPad Pro 11"" (M5) 512GB  Wi-Fi + Cellular Space Black Standard Glass","false","true","iPadPro11M5512W+CSBSTDG","X80000000000000034"
"false","iPad Pro 11"" 3rd Generation","Asset","Apple-iPad","iPad Pro 11"" 3rd Generation","false","true","iPadPro11A3G","194252186169"
"false","iPad Pro 11"" 4th Generation","Asset","Apple-iPad","iPad Pro 11"" 4th Generation","false","true","iPadPro11A4G","194253264606"
"false","iPad Pro 11"" M5 1TB Silver","Asset","Apple-iPad","iPad Pro 11"" M5 1TB Silver","false","true","iPP11M51TBS","195950401998"
"false","iPad Pro 12.9"" (A12Z, 2020) 128GB Silver","Asset","Apple-iPad","iPad Pro 12.9"" (A12Z, 2020) 128GB Wi-Fi + Cellular Silver","false","true","iPadPro12.9A12Z128W+CS","190199463990"
"false","iPad Pro 12.9"" (M1) 128GB Silver","Asset","Apple-iPad","iPad Pro 12.9"" (M1) 128GB Wi-Fi + Cellular Silver","false","true","iPadPro12.9M1128W+CS","888462883508"
"false","iPad Pro 12.9"" (M1) 128GB Space Gray","Asset","Apple-iPad","iPad Pro 12.9"" (M1) 128GB Wi-Fi + Cellular Space Gray","false","true","iPadPro12.9M1128W+CSG","888462883492"
"false","iPad Pro 12.9"" (M1) 128GB Space Gray","Asset","Apple-iPad","iPad Pro 12.9"" (M1) 128GB Wi-Fi Space Gray","false","true","iPadPro12.9M1128WSG","656942099505"
"false","iPad Pro 12.9"" (M1) 1TB Silver","Asset","Apple-iPad","iPad Pro 12.9"" (M1) 1TB Wi-Fi + Cellular Silver","false","true","iPadPro12.9M11TBW+CS","888462883560"
"false","iPad Pro 12.9"" (M1) 1TB Space Gray","Asset","Apple-iPad","iPad Pro 12.9"" (M1) 1TB Wi-Fi + Cellular Space Gray","false","true","iPadPro12.9M11TBW+CSG","888462883553"
"false","iPad Pro 12.9"" (M1) 1TB Space Gray","Asset","Apple-iPad","iPad Pro 12.9"" (M1) 1TB Wi-Fi Space Gray","false","true","iPadPro12.9M11TBWSG","194252195451"
"false","iPad Pro 12.9"" (M1) 256GB Silver","Asset","Apple-iPad","iPad Pro 12.9"" (M1) 256GB Wi-Fi + Cellular Silver","false","true","iPadPro12.9M1256W+CS","888462883522"
"false","iPad Pro 12.9"" (M1) 256GB Space Gray","Asset","Apple-iPad","iPad Pro 12.9"" (M1) 256GB Wi-Fi + Cellular Space Gray","false","true","iPadPro12.9M1256W+CSG","888462883515"
"false","iPad Pro 12.9"" (M1) 256GB Silver","Asset","Apple-iPad","iPad Pro 12.9"" (M1) 256GB Wi-Fi Silver","false","true","iPadPro12.9M1256WS","194252195024"
"false","iPad Pro 12.9"" (M1) 256GB Space Gray","Asset","Apple-iPad","iPad Pro 12.9"" (M1) 256GB Wi-Fi Space Gray","false","true","iPadPro12.9M1256WSG","194252194805"
"false","iPad Pro 12.9"" (M1) 2TB Silver","Asset","Apple-iPad","iPad Pro 12.9"" (M1) 2TB Wi-Fi + Cellular Silver","false","true","iPadPro12.9M12TBW+CS","888462883584"
"false","iPad Pro 12.9"" (M1) 2TB Space Gray","Asset","Apple-iPad","iPad Pro 12.9"" (M1) 2TB Wi-Fi + Cellular Space Gray","false","true","iPadPro12.9M12TBW+CSG","888462883577"
"false","iPad Pro 12.9"" (M1) 2TB Space Gray","Asset","Apple-iPad","iPad Pro 12.9"" (M1) 2TB Wi-Fi Space Gray","false","true","iPadPro12.9M12TBWSG","194252195697"
"false","iPad Pro 12.9"" (M1) 512GB Silver","Asset","Apple-iPad","iPad Pro 12.9"" (M1) 512GB Wi-Fi + Cellular Silver","false","true","iPadPro12.9M1512W+CS","888462883546"
"false","iPad Pro 12.9"" (M1) 512GB Space Gray","Asset","Apple-iPad","iPad Pro 12.9"" (M1) 512GB Wi-Fi + Cellular Space Gray","false","true","iPadPro12.9M1512W+CSG","888462883539"
"false","iPad Pro 12.9"" (M1) 512GB Space Gray","Asset","Apple-iPad","iPad Pro 12.9"" (M1) 512GB Wi-Fi Space Gray","false","true","iPadPro12.9M1512WSG","194252195246"
"false","iPad Pro 12.9"" (M2) 128GB Space Gray","Asset","Apple-iPad","iPad Pro 12.9"" (M2) 128GB Wi-Fi + Cellular Space Gray","false","true","iPadPro12.9M2128W+CSG","194253266013"
"false","iPad Pro 12.9"" (M2) 1TB Silver","Asset","Apple-iPad","iPad Pro 12.9"" (M2) 1TB Wi-Fi + Cellular Silver","false","true","iPadPro12.9M21TBW+CS","194253272991"
"false","iPad Pro 12.9"" (M2) 256GB Space Gray","Asset","Apple-iPad","iPad Pro 12.9"" (M2) 256GB Wi-Fi + Cellular Space Gray","false","true","iPadPro12.9M2256W+CSG","194253267881"
"false","iPad Pro 12.9"" (M2) 2TB Space Gray","Asset","Apple-iPad","iPad Pro 12.9"" (M2) 2TB Wi-Fi + Cellular Space Gray","false","true","iPadPro12.9M22TBW+CSG","194253275725"
"false","iPad Pro 12.9"" (M2) 512GB Space Gray","Asset","Apple-iPad","iPad Pro 12.9"" (M2) 512GB Wi-Fi + Cellular Space Gray","false","true","iPadPro12.9M2512W+CSG","194253267263"
"false","iPad Pro 13"" (M4) 1TB Silver","Asset","Apple-iPad","iPad Pro 13"" (M4) 1TB Wi-Fi + Cellular Silver","false","true","iPadPro13M41TBW+CS","195949245569"
"false","iPad Pro 13"" (M4) 1TB Space Black","Asset","Apple-iPad","iPad Pro 13"" (M4) 1TB Wi-Fi + Cellular Space Black","false","true","iPadPro13M41TBW+CSB","195949245798"
"false","iPad Pro 13"" (M4) 1TB Silver","Asset","Apple-iPad","iPad Pro 13"" (M4) 1TB Wi-Fi Silver","false","true","iPadPro13M41TBWS","195949239335"
"false","iPad Pro 13"" (M4) 1TB Space Black","Asset","Apple-iPad","iPad Pro 13"" (M4) 1TB Wi-Fi Space Black","false","true","iPadPro13M41TBWSB","195949239106"
"false","iPad Pro 13"" (M4) 256GB Silver","Asset","Apple-iPad","iPad Pro 13"" (M4) 256GB Wi-Fi + Cellular Silver","false","true","iPadPro13M4256W+CS","195949244838"
"false","iPad Pro 13"" (M4) 256GB Space Black","Asset","Apple-iPad","iPad Pro 13"" (M4) 256GB Wi-Fi + Cellular Space Black","false","true","iPadPro13M4256W+CSB","195949244609"
"false","iPad Pro 13"" (M4) 256GB Silver","Asset","Apple-iPad","iPad Pro 13"" (M4) 256GB Wi-Fi Silver","false","true","iPadPro13M4256WS","195949238382"
"false","iPad Pro 13"" (M4) 256GB Space Black","Asset","Apple-iPad","iPad Pro 13"" (M4) 256GB Wi-Fi Space Black","false","true","iPadPro13M4256WSB","195949238148"
"false","iPad Pro 13"" (M4) 2TB Silver","Asset","Apple-iPad","iPad Pro 13"" (M4) 2TB Wi-Fi + Cellular Silver","false","true","iPadPro13M42TBW+CS","195949246023"
"false","iPad Pro 13"" (M4) 2TB Space Black","Asset","Apple-iPad","iPad Pro 13"" (M4) 2TB Wi-Fi + Cellular Space Black","false","true","iPadPro13M42TBW+CSB","195949246252"
"false","iPad Pro 13"" (M4) 512GB Silver","Asset","Apple-iPad","iPad Pro 13"" (M4) 512GB Wi-Fi + Cellular Silver","false","true","iPadPro13M4512W+CS","195949245101"
"false","iPad Pro 13"" (M4) 512GB Space Black","Asset","Apple-iPad","iPad Pro 13"" (M4) 512GB Wi-Fi + Cellular Space Black","false","true","iPadPro13M4512W+CSB","195949245330"
"false","iPad Pro 13"" (M4) 512GB Silver","Asset","Apple-iPad","iPad Pro 13"" (M4) 512GB Wi-Fi Silver","false","true","iPadPro13M4512WS","195949238635"
"false","iPad Pro 13"" (M4) 512GB Space Black","Asset","Apple-iPad","iPad Pro 13"" (M4) 512GB Wi-Fi Space Black","false","true","iPadPro13M4512WSB","195949238864"
"false","iPad Pro 13"" (M5) 1TB Nono-Texture Glass Wi-Fi + Cellular Space Black","Asset","Apple-iPad","iPad Pro 13"" (M5) 1TB Nono-Texture Glass Wi-Fi + Cellular Space Black","false","true","iPadPro13M51TBNTGSB","195950403794XXX"
"false","iPad Pro 13"" (M5) 256GB Silver","Asset","Apple-iPad","iPad Pro 13"" (M5) 256GB Wi-Fi + Cellular Silver","false","true","iPadPro13M5256W+CS","195950404036"
"false","iPad Pro 13"" (M5) 256GB Space Black","Asset","Apple-iPad","iPad Pro 13"" (M5) 256GB Wi-Fi + Cellular Space Black","false","true","iPadPro13M5256W+CSB","195950403794"
"false","iPad Pro 9.7"" (A9X, 2016) 128GB Wi-Fi Space Gray","Asset","Apple-iPad","iPad Pro 9.7"" (A9X, 2016) 128GB Wi-Fi + Cellular Space Gray","false","true","iPadPro9.7A9X128W+CSG","888462762670"
"false","iPad Pro 9.7"" (A9X, 2016) 32GB Rose Gold","Asset","Apple-iPad","iPad Pro 9.7"" (A9X, 2016) 32GB Wi-Fi + Cellular Rose Gold","false","true","iPadPro9.7A9X32W+CRG","888462725909"
"true","iPad Screen Protector","Item","Accessory","iPad Screen Protector: Generic","false","false","iPadSPG","1234567899"
"false","iPhone 11 128GB Black","Asset","Apple-iPhone","iPhone 11 128GB Black","false","true","iP11128B","194252099032"
"false","iPhone 11 128GB Purple","Asset","Apple-iPhone","iPhone 11 128GB Purple","false","true","iP11128P","x111111111233"
"false","iPhone 11 128GB White","Asset","Apple-iPhone","iPhone 11 128GB White","false","true","iP11128W","194252099346"
"false","iPhone 11 64GB Black","Asset","Apple-iPhone","iPhone 11 64GB Black","false","true","iP1164B","194252097175"
"false","iPhone 11 64GB Green","Asset","Apple-iPhone","iPhone 11 64GB Green","false","true","iP1164G","194252096642"
"false","iPhone 11 64GB White","Asset","Apple-iPhone","iPhone 11 64GB White","false","true","iP1164W","194252096543"
"false","iPhone 11 Pro 64 GB Space Gray","Asset","Apple-iPhone","iPhone 11 Pro 64 GB Space Gray","false","true","iP11Pro64SG","x111111111134"
"false","iPhone 11 Pro Max 64 GB Space Gray","Asset","Apple-iPhone","iPhone 11 Pro Max 64 GB Space Gray","false","true","iP11ProMax64SG","190199380554"
"false","iPhone 12 128GB Black","Asset","Apple-iPhone","iPhone 12 128GB Black","false","true","iP12128B","194252031117"
"false","iPhone 12 128GB Blue","Asset","Apple-iPhone","iPhone 12 128GB Blue","false","true","iP12128Blu","194252032138"
"false","iPhone 12 128GB Green","Asset","Apple-iPhone","iPhone 12 128GB Green","false","true","iP12128G","194252032473"
"false","iPhone 12 128GB Purple","Asset","Apple-iPhone","iPhone 12 128GB Purple","false","true","iP12128P","194252430194"
"false","iPhone 12 128GB Red","Asset","Apple-iPhone","iPhone 12 128GB Red","false","true","iP12128R","194252031797"
"false","iPhone 12 128GB White","Asset","Apple-iPhone","iPhone 12 128GB White","false","true","iP12128W","194252031452"
"false","iPhone 12 256GB Black","Asset","Apple-iPhone","iPhone 12 256GB Black","false","true","iP12256B","194252032817"
"false","iPhone 12 256GB Blue","Asset","Apple-iPhone","iPhone 12 256GB Blue","false","true","iP12256Blu","194252033838"
"false","iPhone 12 256GB Green","Asset","Apple-iPhone","iPhone 12 256GB Green","false","true","iP12256G","194252034170"
"false","iPhone 12 256GB Purple","Asset","Apple-iPhone","iPhone 12 256GB Purple","false","true","iP12256P","194252430484"
"false","iPhone 12 256GB Red","Asset","Apple-iPhone","iPhone 12 256GB Red","false","true","iP12256R","194252033494"
"false","iPhone 12 256GB White","Asset","Apple-iPhone","iPhone 12 256GB White","false","true","iP12256W","194252033159"
"false","iPhone 12 64GB Black","Asset","Apple-iPhone","iPhone 12 64GB Black","false","true","iP1264B","194252027943"
"false","iPhone 12 64GB Blue","Asset","Apple-iPhone","iPhone 12 64GB Blue","false","true","iP1264Blu","194252030431"
"false","iPhone 12 64GB Green","Asset","Apple-iPhone","iPhone 12 64GB Green","false","true","iP1264G","194252030776"
"false","iPhone 12 64GB Purple","Asset","Apple-iPhone","iPhone 12 64GB Purple","false","true","iP1264P","194252429907"
"false","iPhone 12 64GB Red","Asset","Apple-iPhone","iPhone 12 64GB Red","false","true","iP1264R","194252030097"
"false","iPhone 12 64GB White","Asset","Apple-iPhone","iPhone 12 64GB White","false","true","iP1264W","194252029756"
"false","iPhone 12 Mini 128GB White","Asset","Apple-iPhone","iPhone 12 Mini 128GB White","false","true","iP12Mini128W","194252012352"
"false","iPhone 12 Mini 64GB Black","Asset","Apple-iPhone","iPhone 12 Mini 64GB Black","false","true","iP12Mini64B","194252012291"
"false","iPhone 12 Pro 64GB Black","Asset","Apple-iPhone","iPhone 12 Pro 64GB Black","false","true","iP12Pro64B","194252028698"
"false","iPhone 13 128GB Blue","Asset","Apple-iPhone","iPhone 13 128GB Blue","false","true","iP13128B","194252704820"
"false","iPhone 13 128GB Green","Asset","Apple-iPhone","iPhone 13 128GB Green","false","true","iP13128G","194253128830"
"false","iPhone 13 128GB Midnight","Asset","Apple-iPhone","iPhone 13 128GB Midnight","false","true","iP13128M","194252786239"
"false","iPhone 13 128GB Pink","Asset","Apple-iPhone","iPhone 13 128GB Pink","false","true","iP13128P","194252786253"
"false","iPhone 13 128GB Red","Asset","Apple-iPhone","iPhone 13 128GB Red","false","true","iP13128R","194252786260"
"false","iPhone 13 128GB Starlight","Asset","Apple-iPhone","iPhone 13 128GB Starlight","false","true","iP13128S","194252786246"
"false","iPhone 13 256GB Blue","Asset","Apple-iPhone","iPhone 13 256GB Blue","false","true","iP13256B","194252786321"
"false","iPhone 13 256GB Green","Asset","Apple-iPhone","iPhone 13 256GB Green","false","true","iP13256G","194253129110"
"false","iPhone 13 256GB Midnight","Asset","Apple-iPhone","iPhone 13 256GB Midnight","false","true","iP13256M","194252786284"
"false","iPhone 13 256GB Pink","Asset","Apple-iPhone","iPhone 13 256GB Pink","false","true","iP13256P","194252786307"
"false","iPhone 13 256GB Red","Asset","Apple-iPhone","iPhone 13 256GB Red","false","true","iP13256R","194252786314"
"false","iPhone 13 256GB Starlight","Asset","Apple-iPhone","iPhone 13 256GB Starlight","false","true","iP13256S","194252786291"
"false","iPhone 13 512GB Blue","Asset","Apple-iPhone","iPhone 13 512GB Blue","false","true","iP13512B","194252786376"
"false","iPhone 13 512GB Green","Asset","Apple-iPhone","iPhone 13 512GB Green","false","true","iP13512G","194253129394"
"false","iPhone 13 512GB Midnight","Asset","Apple-iPhone","iPhone 13 512GB Midnight","false","true","iP13512M","194252786338"
"false","iPhone 13 512GB Pink","Asset","Apple-iPhone","iPhone 13 512GB Pink","false","true","iP13512P","194252786352"
"false","iPhone 13 512GB Red","Asset","Apple-iPhone","iPhone 13 512GB Red","false","true","iP13512R","194252786369"
"false","iPhone 13 512GB Starlight","Asset","Apple-iPhone","iPhone 13 512GB Starlight","false","true","iP13512S","194252786345"
"false","iPhone 13 mini 128GB Blue","Asset","Apple-iPhone","iPhone 13 mini 128GB Blue","false","true","iP13mini128B","194252785652"
"false","iPhone 13 mini 128GB Green","Asset","Apple-iPhone","iPhone 13 mini 128GB Green","false","true","iP13mini128G","194253121053"
"false","iPhone 13 mini 128GB Midnight","Asset","Apple-iPhone","iPhone 13 mini 128GB Midnight","false","true","iP13mini128M","194252785614"
"false","iPhone 13 mini 128GB Pink","Asset","Apple-iPhone","iPhone 13 mini 128GB Pink","false","true","iP13mini128P","194252785638"
"false","iPhone 13 mini 128GB Red","Asset","Apple-iPhone","iPhone 13 mini 128GB Red","false","true","iP13mini128R","194252785645"
"false","iPhone 13 mini 128GB Starlight","Asset","Apple-iPhone","iPhone 13 mini 128GB Starlight","false","true","iP13mini128S","194252785621"
"false","iPhone 13 mini 256GB Blue","Asset","Apple-iPhone","iPhone 13 mini 256GB Blue","false","true","iP13mini256B","194252785706"
"false","iPhone 13 mini 256GB Green","Asset","Apple-iPhone","iPhone 13 mini 256GB Green","false","true","iP13mini256G","194253121343"
"false","iPhone 13 mini 256GB Midnight","Asset","Apple-iPhone","iPhone 13 mini 256GB Midnight","false","true","iP13mini256M","194252785669"
"false","iPhone 13 mini 256GB Pink","Asset","Apple-iPhone","iPhone 13 mini 256GB Pink","false","true","iP13mini256P","194252785683"
"false","iPhone 13 mini 256GB Red","Asset","Apple-iPhone","iPhone 13 mini 256GB Red","false","true","iP13mini256R","194252785690"
"false","iPhone 13 mini 256GB Starlight","Asset","Apple-iPhone","iPhone 13 mini 256GB Starlight","false","true","iP13mini256S","194252785676"
"false","iPhone 13 mini 512GB Blue","Asset","Apple-iPhone","iPhone 13 mini 512GB Blue","false","true","iP13mini512B","194252785751"
"false","iPhone 13 mini 512GB Green","Asset","Apple-iPhone","iPhone 13 mini 512GB Green","false","true","iP13mini512G","194253121633"
"false","iPhone 13 mini 512GB Midnight","Asset","Apple-iPhone","iPhone 13 mini 512GB Midnight","false","true","iP13mini512M","194252785713"
"false","iPhone 13 mini 512GB Pink","Asset","Apple-iPhone","iPhone 13 mini 512GB Pink","false","true","iP13mini512P","194252785737"
"false","iPhone 13 mini 512GB Red","Asset","Apple-iPhone","iPhone 13 mini 512GB Red","false","true","iP13mini512R","194252785744"
"false","iPhone 13 mini 512GB Starlight","Asset","Apple-iPhone","iPhone 13 mini 512GB Starlight","false","true","iP13mini512S","194252785720"
"true","Screen Protector","Item","Accessory","iPhone 13 Mini Screen Protector","false","false","iP13MiniSP","1234567899"
"false","iPhone 13 PRO 128GB Graphite","Asset","Apple-iPhone","iPhone 13 PRO 128GB Graphite","false","true","iP13Pro128G","194252714096"
"false","iPhone 13 Pro Max 128GB Graphite","Asset","Apple-iPhone","iPhone 13 Pro Max 128GB Graphite","false","true","iP13ProMax128G","194252697412"
"false","iPhone 13 Pro Max 128GB Green","Asset","Apple-iPhone","iPhone 13 Pro Max 128GB Green","false","true","iP13PM128GBG","122233445555"
"true","Screen Protector","Item","Accessory","iPhone 13/14 Screen Protector","false","false","iP13/14SP","1234567899"
"false","iPhone 14 128GB Blue","Asset","Apple-iPhone","iPhone 14 128GB Blue","false","true","iP14128B","194253409397"
"false","iPhone 14 128GB Midnight","Asset","Apple-iPhone","iPhone 14 128GB Midnight","false","true","iP14128M","194253407980"
"false","iPhone 14 128GB Purple","Asset","Apple-iPhone","iPhone 14 128GB Purple","false","true","iP14128P","194253408734"
"false","iPhone 14 128GB Red","Asset","Apple-iPhone","iPhone 14 128GB Red","false","true","iP14128R","194253409069"
"false","iPhone 14 128GB Starlight","Asset","Apple-iPhone","iPhone 14 128GB Starlight","false","true","iP14128S","194253408406"
"false","iPhone 14 256GB Blue","Asset","Apple-iPhone","iPhone 14 256GB Blue","false","true","iP14256B","194253411048"
"false","iPhone 14 256GB Midnight","Asset","Apple-iPhone","iPhone 14 256GB Midnight","false","true","iP14256M","194253409724"
"false","iPhone 14 256GB Purple","Asset","Apple-iPhone","iPhone 14 256GB Purple","false","true","iP14256P","194253410386"
"false","iPhone 14 256GB Red","Asset","Apple-iPhone","iPhone 14 256GB Red","false","true","iP14256R","194253410713"
"false","iPhone 14 256GB Starlight","Asset","Apple-iPhone","iPhone 14 256GB Starlight","false","true","iP14256S","194253410058"
"false","iPhone 14 512GB Blue","Asset","Apple-iPhone","iPhone 14 512GB Blue","false","true","iP14512B","194253412694"
"false","iPhone 14 512GB Midnight","Asset","Apple-iPhone","iPhone 14 512GB Midnight","false","true","iP14512M","194253411376"
"false","iPhone 14 512GB Purple","Asset","Apple-iPhone","iPhone 14 512GB Purple","false","true","iP14512P","194253412038"
"false","iPhone 14 512GB Red","Asset","Apple-iPhone","iPhone 14 512GB Red","false","true","iP14512R","194253412366"
"false","iPhone 14 512GB Starlight","Asset","Apple-iPhone","iPhone 14 512GB Starlight","false","true","iP14512S","194253411703"
"false","iPhone 14 Plus 128GB Blue","Asset","Apple-iPhone","iPhone 14 Plus 128GB Blue","false","true","iP14Plus128B","194253374213"
"false","iPhone 14 Plus 128GB Midnight","Asset","Apple-iPhone","iPhone 14 Plus 128GB Midnight","false","true","iP14Plus128M","194253373292"
"false","iPhone 14 Plus 128GB Purple","Asset","Apple-iPhone","iPhone 14 Plus 128GB Purple","false","true","iP14Plus128P","194253373759"
"false","iPhone 14 Plus 128GB Red","Asset","Apple-iPhone","iPhone 14 Plus 128GB Red","false","true","iP14Plus128R","194253373988"
"false","iPhone 14 Plus 128GB Starlight","Asset","Apple-iPhone","iPhone 14 Plus 128GB Starlight","false","true","iP14Plus128S","194253373520"
"false","iPhone 14 Plus 256GB Blue","Asset","Apple-iPhone","iPhone 14 Plus 256GB Blue","false","true","iP14Plus256B","194253375364"
"false","iPhone 14 Plus 256GB Midnight","Asset","Apple-iPhone","iPhone 14 Plus 256GB Midnight","false","true","iP14Plus256M","194253374442"
"false","iPhone 14 Plus 256GB Purple","Asset","Apple-iPhone","iPhone 14 Plus 256GB Purple","false","true","iP14Plus256P","194253374909"
"false","iPhone 14 Plus 256GB Red","Asset","Apple-iPhone","iPhone 14 Plus 256GB Red","false","true","iP14Plus256R","194253375135"
"false","iPhone 14 Plus 256GB Starlight","Asset","Apple-iPhone","iPhone 14 Plus 256GB Starlight","false","true","iP14Plus256S","194253374671"
"false","iPhone 14 Plus 512GB Blue","Asset","Apple-iPhone","iPhone 14 Plus 512GB Blue","false","true","iP14Plus512B","194253376514"
"false","iPhone 14 Plus 512GB Midnight","Asset","Apple-iPhone","iPhone 14 Plus 512GB Midnight","false","true","iP14Plus512M","194253375593"
"false","iPhone 14 Plus 512GB Purple","Asset","Apple-iPhone","iPhone 14 Plus 512GB Purple","false","true","iP14Plus512P","194253376057"
"false","iPhone 14 Plus 512GB Red","Asset","Apple-iPhone","iPhone 14 Plus 512GB Red","false","true","iP14Plus512R","194253376286"
"false","iPhone 14 Plus 512GB Starlight","Asset","Apple-iPhone","iPhone 14 Plus 512GB Starlight","false","true","iP14Plus512S","194253375821"
"false","iPhone 14 Pro 128GB Deep Purple","Asset","Apple-iPhone","iPhone 14 Pro 128GB Deep Purple","false","true","iP14Pro128DP","194253401988"
"false","iPhone 14 Pro 128GB Gold","Asset","Apple-iPhone","iPhone 14 Pro 128GB Gold","false","true","iP14Pro128G","194253401650"
"false","iPhone 14 Pro 128GB Silver","Asset","Apple-iPhone","iPhone 14 Pro 128GB Silver","false","true","iP14Pro128S","194253401322"
"false","iPhone 14 Pro 128GB Space Black","Asset","Apple-iPhone","iPhone 14 Pro 128GB Space Black","false","true","iP14Pro128SB","194253400998"
"false","iPhone 14 Pro 1TB Deep Purple","Asset","Apple-iPhone","iPhone 14 Pro 1TB Deep Purple","false","true","iP14Pro1TBDP","194253405948"
"false","iPhone 14 Pro 1TB Gold","Asset","Apple-iPhone","iPhone 14 Pro 1TB Gold","false","true","iP14Pro1TBG","194253405610"
"false","iPhone 14 Pro 1TB Silver","Asset","Apple-iPhone","iPhone 14 Pro 1TB Silver","false","true","iP14Pro1TBS","194253405283"
"false","iPhone 14 Pro 1TB Space Black","Asset","Apple-iPhone","iPhone 14 Pro 1TB Space Black","false","true","iP14Pro1TBSB","194253404958"
"false","iPhone 14 Pro 256GB Deep Purple","Asset","Apple-iPhone","iPhone 14 Pro 256GB Deep Purple","false","true","iP14Pro256DP","194253403302"
"false","iPhone 14 Pro 256GB Gold","Asset","Apple-iPhone","iPhone 14 Pro 256GB Gold","false","true","iP14Pro256G","194253402978"
"false","iPhone 14 Pro 256GB Silver","Asset","Apple-iPhone","iPhone 14 Pro 256GB Silver","false","true","iP14Pro256S","194253402640"
"false","iPhone 14 Pro 256GB Space Black","Asset","Apple-iPhone","iPhone 14 Pro 256GB Space Black","false","true","iP14Pro256SB","194253402312"
"false","iPhone 14 Pro 512GB Deep Purple","Asset","Apple-iPhone","iPhone 14 Pro 512GB Deep Purple","false","true","iP14Pro512DP","194253404620"
"false","iPhone 14 Pro 512GB Gold","Asset","Apple-iPhone","iPhone 14 Pro 512GB Gold","false","true","iP14Pro512G","194253404293"
"false","iPhone 14 Pro 512GB Silver","Asset","Apple-iPhone","iPhone 14 Pro 512GB Silver","false","true","iP14Pro512S","194253403968"
"false","iPhone 14 Pro 512GB Space Black","Asset","Apple-iPhone","iPhone 14 Pro 512GB Space Black","false","true","iP14Pro512SB","194253403630"
"false","iPhone 14 Pro Max 128GB Deep Purple","Asset","Apple-iPhone","iPhone 14 Pro Max 128GB Deep Purple","false","true","iP14ProMax128DP","194253380450"
"false","iPhone 14 Pro Max 128GB Gold","Asset","Apple-iPhone","iPhone 14 Pro Max 128GB Gold","false","true","iP14ProMax128G","194253380221"
"false","iPhone 14 Pro Max 128GB Silver","Asset","Apple-iPhone","iPhone 14 Pro Max 128GB Silver","false","true","iP14ProMax128S","194253379997"
"false","iPhone 14 Pro Max 128GB Space Black","Asset","Apple-iPhone","iPhone 14 Pro Max 128GB Space Black","false","true","iP14ProMax128SB","194253379768"
"false","iPhone 14 Pro Max 1TB Deep Purple","Asset","Apple-iPhone","iPhone 14 Pro Max 1TB Deep Purple","false","true","iP14ProMax1TBDP","194253383215"
"false","iPhone 14 Pro Max 1TB Gold","Asset","Apple-iPhone","iPhone 14 Pro Max 1TB Gold","false","true","iP14ProMax1TBG","194253382980"
"false","iPhone 14 Pro Max 1TB Silver","Asset","Apple-iPhone","iPhone 14 Pro Max 1TB Silver","false","true","iP14ProMax1TBS","194253382751"
"false","iPhone 14 Pro Max 1TB Space Black","Asset","Apple-iPhone","iPhone 14 Pro Max 1TB Space Black","false","true","iP14ProMax1TBSB","194253382522"
"false","iPhone 14 Pro Max 256GB Deep Purple","Asset","Apple-iPhone","iPhone 14 Pro Max 256GB Deep Purple","false","true","iP14ProMax256DP","194253381372"
"false","iPhone 14 Pro Max 256GB Gold","Asset","Apple-iPhone","iPhone 14 Pro Max 256GB Gold","false","true","iP14ProMax256G","194253381143"
"false","iPhone 14 Pro Max 256GB Silver","Asset","Apple-iPhone","iPhone 14 Pro Max 256GB Silver","false","true","iP14ProMax256S","194253380917"
"false","iPhone 14 Pro Max 256GB Space Black","Asset","Apple-iPhone","iPhone 14 Pro Max 256GB Space Black","false","true","iP14ProMax256SB","194253380689"
"false","iPhone 14 Pro Max 512GB Deep Purple","Asset","Apple-iPhone","iPhone 14 Pro Max 512GB Deep Purple","false","true","iP14ProMax512DP","194253382294"
"false","iPhone 14 Pro Max 512GB Gold","Asset","Apple-iPhone","iPhone 14 Pro Max 512GB Gold","false","true","iP14ProMax512G","194253382065"
"false","iPhone 14 Pro Max 512GB Silver","Asset","Apple-iPhone","iPhone 14 Pro Max 512GB Silver","false","true","iP14ProMax512S","194253381839"
"false","iPhone 14 Pro Max 512GB Space Black","Asset","Apple-iPhone","iPhone 14 Pro Max 512GB Space Black","false","true","iP14ProMax512SB","194253381600"
"false","iPhone 15 128GB Black","Asset","Apple-iPhone","iPhone 15 128GB Black","false","true","iP15128B","195949035005"
"false","iPhone 15 128GB Blue","Asset","Apple-iPhone","iPhone 15 128GB Blue","false","true","iP15128Blu","195949035173"
"false","iPhone 15 128GB Green","Asset","Apple-iPhone","iPhone 15 128GB Green","false","true","iP15128G","195949035685"
"false","iPhone 15 128GB Pink","Asset","Apple-iPhone","iPhone 15 128GB Pink","false","true","iP15128P","195949035340"
"false","iPhone 15 128GB Yellow","Asset","Apple-iPhone","iPhone 15 128GB Yellow","false","true","iP15128Y","195949035517"
"false","iPhone 15 256GB Black","Asset","Apple-iPhone","iPhone 15 256GB Black","false","true","iP15256B","195949035050"
"false","iPhone 15 256GB Blue","Asset","Apple-iPhone","iPhone 15 256GB Blue","false","true","iP15256Blu","195949036026"
"false","iPhone 15 256GB Green","Asset","Apple-iPhone","iPhone 15 256GB Green","false","true","iP15256G","195949036538"
"false","iPhone 15 256GB Pink","Asset","Apple-iPhone","iPhone 15 256GB Pink","false","true","iP15256P","195949036194"
"false","iPhone 15 256GB Yellow","Asset","Apple-iPhone","iPhone 15 256GB Yellow","false","true","iP15256Y","195949036361"
"false","iPhone 15 512GB Black","Asset","Apple-iPhone","iPhone 15 512GB Black","false","true","iP15512B","195949036705"
"false","iPhone 15 512GB Blue","Asset","Apple-iPhone","iPhone 15 512GB Blue","false","true","iP15512Blu","195949036873"
"false","iPhone 15 512GB Green","Asset","Apple-iPhone","iPhone 15 512GB Green","false","true","iP15512G","195949037382"
"false","iPhone 15 512GB Pink","Asset","Apple-iPhone","iPhone 15 512GB Pink","false","true","iP15512P","195949037047"
"false","iPhone 15 512GB Yellow","Asset","Apple-iPhone","iPhone 15 512GB Yellow","false","true","iP15512Y","195949037214"
"false","iPhone 15 Plus 128GB Black","Asset","Apple-iPhone","iPhone 15 Plus 128GB Black","false","true","iP15Plus128B","195949042324"
"false","iPhone 15 Plus 128GB Blue","Asset","Apple-iPhone","iPhone 15 Plus 128GB Blue","false","true","iP15Plus128Blu","195949042492"
"false","iPhone 15 Plus 128GB Green","Asset","Apple-iPhone","iPhone 15 Plus 128GB Green","false","true","iP15Plus128G","195949043000"
"false","iPhone 15 Plus 128GB Pink","Asset","Apple-iPhone","iPhone 15 Plus 128GB Pink","false","true","iP15Plus128P","195949042669"
"false","iPhone 15 Plus 128GB Yellow","Asset","Apple-iPhone","iPhone 15 Plus 128GB Yellow","false","true","iP15Plus128Y","195949042836"
"false","iPhone 15 Plus 256GB Black","Asset","Apple-iPhone","iPhone 15 Plus 256GB Black","false","true","iP15Plus256B","195949043178"
"false","iPhone 15 Plus 256GB Blue","Asset","Apple-iPhone","iPhone 15 Plus 256GB Blue","false","true","iP15Plus256Blu","195949043345"
"false","iPhone 15 Plus 256GB Green","Asset","Apple-iPhone","iPhone 15 Plus 256GB Green","false","true","iP15Plus256G","195949043857"
"false","iPhone 15 Plus 256GB Pink","Asset","Apple-iPhone","iPhone 15 Plus 256GB Pink","false","true","iP15Plus256P","195949043512"
"false","iPhone 15 Plus 256GB Yellow","Asset","Apple-iPhone","iPhone 15 Plus 256GB Yellow","false","true","iP15Plus256Y","195949043680"
"false","iPhone 15 Plus 512GB Black","Asset","Apple-iPhone","iPhone 15 Plus 512GB Black","false","true","iP15Plus512B","195949044021"
"false","iPhone 15 Plus 512GB Blue","Asset","Apple-iPhone","iPhone 15 Plus 512GB Blue","false","true","iP15Plus512Blu","195949044199"
"false","iPhone 15 Plus 512GB Green","Asset","Apple-iPhone","iPhone 15 Plus 512GB Green","false","true","iP15Plus512G","195949044700"
"false","iPhone 15 Plus 512GB Pink","Asset","Apple-iPhone","iPhone 15 Plus 512GB Pink","false","true","iP15Plus512P","195949044366"
"false","iPhone 15 Plus 512GB Yellow","Asset","Apple-iPhone","iPhone 15 Plus 512GB Yellow","false","true","iP15Plus512Y","195949044533"
"false","iPhone 15 Pro 128GB Black Titanium","Asset","Apple-iPhone","iPhone 15 Pro 128GB Black Titanium","false","true","iP15Pro128BT","195949018442"
"false","iPhone 15 Pro 128GB Blue Titanium","Asset","Apple-iPhone","iPhone 15 Pro 128GB Blue Titanium","false","true","iP15Pro128BluT","195949018985"
"false","iPhone 15 Pro 128GB Natural Titanium","Asset","Apple-iPhone","iPhone 15 Pro 128GB Natural Titanium","false","true","iP15Pro128NT","195949018800"
"false","iPhone 15 Pro 128GB White Titanium","Asset","Apple-iPhone","iPhone 15 Pro 128GB White Titanium","false","true","iP15Pro128WT","195949018626"
"false","iPhone 15 Pro 1TB Black Titanium","Asset","Apple-iPhone","iPhone 15 Pro 1TB Black Titanium","false","true","iP15Pro1TBBT","195949020605"
"false","iPhone 15 Pro 1TB Blue Titanium","Asset","Apple-iPhone","iPhone 15 Pro 1TB Blue Titanium","false","true","iP15Pro1TBBluT","195949021145"
"false","iPhone 15 Pro 1TB Natural Titanium","Asset","Apple-iPhone","iPhone 15 Pro 1TB Natural Titanium","false","true","iP15Pro1TBNT","195949020964"
"false","iPhone 15 Pro 1TB White Titanium","Asset","Apple-iPhone","iPhone 15 Pro 1TB White Titanium","false","true","iP15Pro1TBWT","195949020780"
"false","iPhone 15 Pro 256GB Black Titanium","Asset","Apple-iPhone","iPhone 15 Pro 256GB Black Titanium","false","true","iP15Pro256BT","195949019166"
"false","iPhone 15 Pro 256GB Blue Titanium","Asset","Apple-iPhone","iPhone 15 Pro 256GB Blue Titanium","false","true","iP15Pro256BluT","195949019708"
"false","iPhone 15 Pro 256GB Natural Titanium","Asset","Apple-iPhone","iPhone 15 Pro 256GB Natural Titanium","false","true","iP15Pro256NT","195949019524"
"false","iPhone 15 Pro 256GB White Titanium","Asset","Apple-iPhone","iPhone 15 Pro 256GB White Titanium","false","true","iP15Pro256WT","195949019340"
"false","iPhone 15 Pro 512GB Black Titanium","Asset","Apple-iPhone","iPhone 15 Pro 512GB Black Titanium","false","true","iP15Pro512BT","195949019883"
"false","iPhone 15 Pro 512GB Blue Titanium","Asset","Apple-iPhone","iPhone 15 Pro 512GB Blue Titanium","false","true","iP15Pro512BluT","195949020421"
"false","iPhone 15 Pro 512GB Natural Titanium","Asset","Apple-iPhone","iPhone 15 Pro 512GB Natural Titanium","false","true","iP15Pro512NT","195949020247"
"false","iPhone 15 Pro 512GB White Titanium","Asset","Apple-iPhone","iPhone 15 Pro 512GB White Titanium","false","true","iP15Pro512WT","195949020063"
"false","iPhone 15 Pro Max 1TB Black Titanium","Asset","Apple-iPhone","iPhone 15 Pro Max 1TB Black Titanium","false","true","iP15ProMax1TBBT","195949050169"
"false","iPhone 15 Pro Max 1TB Blue Titanium","Asset","Apple-iPhone","iPhone 15 Pro Max 1TB Blue Titanium","false","true","iP15ProMax1TBBluT","195949050701"
"false","iPhone 15 Pro Max 1TB Natural Titanium","Asset","Apple-iPhone","iPhone 15 Pro Max 1TB Natural Titanium","false","true","iP15ProMax1TBNT","195949050435"
"false","iPhone 15 Pro Max 1TB White Titanium","Asset","Apple-iPhone","iPhone 15 Pro Max 1TB White Titanium","false","true","iP15ProMax1TBWT","195949050343"
"false","iPhone 15 Pro Max 256GB Black Titanium","Asset","Apple-iPhone","iPhone 15 Pro Max 256GB Black Titanium","false","true","iP15ProMax256BT","195949049088"
"false","iPhone 15 Pro Max 256GB Blue Titanium","Asset","Apple-iPhone","iPhone 15 Pro Max 256GB Blue Titanium","false","true","iP15ProMax256BluT","195949049446"
"false","iPhone 15 Pro Max 256GB Natural Titanium","Asset","Apple-iPhone","iPhone 15 Pro Max 256GB Natural Titanium","false","true","iP15ProMax256NT","195949049354"
"false","iPhone 15 Pro Max 256GB White Titanium","Asset","Apple-iPhone","iPhone 15 Pro Max 256GB White Titanium","false","true","iP15ProMax256WT","195949049262"
"false","iPhone 15 Pro Max 512GB Black Titanium","Asset","Apple-iPhone","iPhone 15 Pro Max 512GB Black Titanium","false","true","iP15ProMax512BT","195949049538"
"false","iPhone 15 Pro Max 512GB Blue Titanium","Asset","Apple-iPhone","iPhone 15 Pro Max 512GB Blue Titanium","false","true","iP15ProMax512BluT","195949050077"
"false","iPhone 15 Pro Max 512GB Natural Titanium","Asset","Apple-iPhone","iPhone 15 Pro Max 512GB Natural Titanium","false","true","iP15ProMax512NT","195949049804"
"false","iPhone 15 Pro Max 512GB White Titanium","Asset","Apple-iPhone","iPhone 15 Pro Max 512GB White Titanium","false","true","iP15ProMax512WT","195949049712"
"false","iPhone 16 128GB Black","Asset","Apple-iPhone","iPhone 16 128GB Black","false","true","iP16128B","195949820908"
"false","iPhone 16 128GB Pink","Asset","Apple-iPhone","iPhone 16 128GB Pink","false","true","iP16128P","195949820922"
"false","iPhone 16 128GB Teal","Asset","Apple-iPhone","iPhone 16 128GB Teal","false","true","iP16128T","195949821035"
"false","iPhone 16 128GB Ultramarine","Asset","Apple-iPhone","iPhone 16 128GB Ultramarine","false","true","iP16128U","195949821103"
"false","iPhone 16 128GB White","Asset","Apple-iPhone","iPhone 16 128GB White","false","true","iP16128W","195949820977"
"false","iPhone 16 256GB Black","Asset","Apple-iPhone","iPhone 16 256GB Black","false","true","iP16256B","195949821219"
"false","iPhone 16 256GB Pink","Asset","Apple-iPhone","iPhone 16 256GB Pink","false","true","iP16256P","195949821349"
"false","iPhone 16 256GB Teal","Asset","Apple-iPhone","iPhone 16 256GB Teal","false","true","iP16256T","195949821363"
"false","iPhone 16 256GB Ultramarine","Asset","Apple-iPhone","iPhone 16 256GB Ultramarine","false","true","iP16256U","195949821417"
"false","iPhone 16 256GB White","Asset","Apple-iPhone","iPhone 16 256GB White","false","true","iP16256W","195949821271"
"false","iPhone 16 512GB Black","Asset","Apple-iPhone","iPhone 16 512GB Black","false","true","iP16512B","195949821523"
"false","iPhone 16 512GB Pink","Asset","Apple-iPhone","iPhone 16 512GB Pink","false","true","iP16512P","195949821653"
"false","iPhone 16 512GB Teal","Asset","Apple-iPhone","iPhone 16 512GB Teal","false","true","iP16512T","195949821677"
"false","iPhone 16 512GB Ultramarine","Asset","Apple-iPhone","iPhone 16 512GB Ultramarine","false","true","iP16512U","195949821721"
"false","iPhone 16 512GB White","Asset","Apple-iPhone","iPhone 16 512GB White","false","true","iP16512W","195949821585"
"false","iPhone 16 Plus 128GB Black","Asset","Apple-iPhone","iPhone 16 Plus 128GB Black","false","true","iP16Plus128B","195949721496"
"false","iPhone 16 Plus 128GB Pink","Asset","Apple-iPhone","iPhone 16 Plus 128GB Pink","false","true","iP16Plus128P","195949721519"
"false","iPhone 16 Plus 128GB Teal","Asset","Apple-iPhone","iPhone 16 Plus 128GB Teal","false","true","iP16Plus128T","195949721526"
"false","iPhone 16 Plus 128GB Ultramarine","Asset","Apple-iPhone","iPhone 16 Plus 128GB Ultramarine","false","true","iP16Plus128U","195949721489"
"false","iPhone 16 Plus 128GB White","Asset","Apple-iPhone","iPhone 16 Plus 128GB White","false","true","iP16Plus128W","195949721502"
"false","iPhone 16 Plus 256GB Black","Asset","Apple-iPhone","iPhone 16 Plus 256GB Black","false","true","iP16Plus256B","195949721618"
"false","iPhone 16 Plus 256GB Pink","Asset","Apple-iPhone","iPhone 16 Plus 256GB Pink","false","true","iP16Plus256P","195949721649"
"false","iPhone 16 Plus 256GB Teal","Asset","Apple-iPhone","iPhone 16 Plus 256GB Teal","false","true","iP16Plus256T","195949721656"
"false","iPhone 16 Plus 256GB Ultramarine","Asset","Apple-iPhone","iPhone 16 Plus 256GB Ultramarine","false","true","iP16Plus256U","195949721625"
"false","iPhone 16 Plus 256GB White","Asset","Apple-iPhone","iPhone 16 Plus 256GB White","false","true","iP16Plus256W","195949721632"
"false","iPhone 16 Plus 256GB White","Asset","Apple-iPhone","iPhone 16 Plus 256GB White","false","true","iP16P256GBIW","195949721557"
"false","iPhone 16 Plus 512GB Black","Asset","Apple-iPhone","iPhone 16 Plus 512GB Black","false","true","iP16Plus512B","195949721748"
"false","iPhone 16 Plus 512GB Pink","Asset","Apple-iPhone","iPhone 16 Plus 512GB Pink","false","true","iP16Plus512P","195949721779"
"false","iPhone 16 Plus 512GB Teal","Asset","Apple-iPhone","iPhone 16 Plus 512GB Teal","false","true","iP16Plus512T","195949721786"
"false","iPhone 16 Plus 512GB Ultramarine","Asset","Apple-iPhone","iPhone 16 Plus 512GB Ultramarine","false","true","iP16Plus512U","195949721755"
"false","iPhone 16 Plus 512GB White","Asset","Apple-iPhone","iPhone 16 Plus 512GB White","false","true","iP16Plus512W","195949721762"
"false","iPhone 16 Pro 128GB Black Titanium","Asset","Apple-iPhone","iPhone 16 Pro 128GB Black Titanium","false","true","iP16Pro128BT","195949769665"
"false","iPhone 16 Pro 128GB Desert Titanium","Asset","Apple-iPhone","iPhone 16 Pro 128GB Desert Titanium","false","true","iP16Pro128DT","195949769894"
"false","iPhone 16 Pro 128GB Natural Titanium","Asset","Apple-iPhone","iPhone 16 Pro 128GB Natural Titanium","false","true","iP16Pro128NT","195949770265"
"false","iPhone 16 Pro 128GB White Titanium","Asset","Apple-iPhone","iPhone 16 Pro 128GB White Titanium","false","true","iP16Pro128WT","195949769740"
"false","iPhone 16 Pro 1TB Black Titanium","Asset","Apple-iPhone","iPhone 16 Pro 1TB Black Titanium","false","true","iP16Pro1TBBT","195949770678"
"false","iPhone 16 Pro 1TB Desert Titanium","Asset","Apple-iPhone","iPhone 16 Pro 1TB Desert Titanium","false","true","iP16Pro1TBDT","195949770852"
"false","iPhone 16 Pro 1TB Natural Titanium","Asset","Apple-iPhone","iPhone 16 Pro 1TB Natural Titanium","false","true","iP16Pro1TBNT","195949770708"
"false","iPhone 16 Pro 1TB White Titanium","Asset","Apple-iPhone","iPhone 16 Pro 1TB White Titanium","false","true","iP16Pro1TBWT","195949770685"
"false","iPhone 16 Pro 256GB Black Titanium","Asset","Apple-iPhone","iPhone 16 Pro 256GB Black Titanium","false","true","iP16Pro256BT","195949770111"
"false","iPhone 16 Pro 256GB Desert Titanium","Asset","Apple-iPhone","iPhone 16 Pro 256GB Desert Titanium","false","true","iP16Pro256DT","195949770296"
"false","iPhone 16 Pro 256GB Natural Titanium","Asset","Apple-iPhone","iPhone 16 Pro 256GB Natural Titanium","false","true","iP16Pro256NT","195949770142"
"false","iPhone 16 Pro 256GB White Titanium","Asset","Apple-iPhone","iPhone 16 Pro 256GB White Titanium","false","true","iP16Pro256WT","195949770128"
"false","iPhone 16 Pro 512GB Black Titanium","Asset","Apple-iPhone","iPhone 16 Pro 512GB Black Titanium","false","true","iP16Pro512BT","195949770388"
"false","iPhone 16 Pro 512GB Desert Titanium","Asset","Apple-iPhone","iPhone 16 Pro 512GB Desert Titanium","false","true","iP16Pro512DT","195949770425"
"false","iPhone 16 Pro 512GB Natural Titanium","Asset","Apple-iPhone","iPhone 16 Pro 512GB Natural Titanium","false","true","iP16Pro512NT","195949770418"
"false","iPhone 16 Pro 512GB White Titanium","Asset","Apple-iPhone","iPhone 16 Pro 512GB White Titanium","false","true","iP16Pro512WT","195949770395"
"false","iPhone 16 Pro Max 1TB Black Titanium","Asset","Apple-iPhone","iPhone 16 Pro Max 1TB Black Titanium","false","true","iP16ProMax1TBBT","195949805141"
"false","iPhone 16 Pro Max 1TB Desert Titanium","Asset","Apple-iPhone","iPhone 16 Pro Max 1TB Desert Titanium","false","true","iP16ProMax1TBDT","195949805158"
"false","iPhone 16 Pro Max 1TB Natural Titanium","Asset","Apple-iPhone","iPhone 16 Pro Max 1TB Natural Titanium","false","true","iP16ProMax1TBNT","195949805165"
"false","iPhone 16 Pro Max 1TB White Titanium","Asset","Apple-iPhone","iPhone 16 Pro Max 1TB White Titanium","false","true","iP16ProMax1TBWT","195949805134"
"false","iPhone 16 Pro Max 256GB Black Titanium","Asset","Apple-iPhone","iPhone 16 Pro Max 256GB Black Titanium","false","true","iP16ProMax256BT","195949805042"
"false","iPhone 16 Pro Max 256GB Desert Titanium","Asset","Apple-iPhone","iPhone 16 Pro Max 256GB Desert Titanium","false","true","iP16ProMax256DT","195949805066"
"false","iPhone 16 Pro Max 256GB Natural Titanium","Asset","Apple-iPhone","iPhone 16 Pro Max 256GB Natural Titanium","false","true","iP16ProMax256NT","195949805073"
"false","iPhone 16 Pro Max 256GB White Titanium","Asset","Apple-iPhone","iPhone 16 Pro Max 256GB White Titanium","false","true","iP16ProMax256WT","195949805059"
"false","iPhone 16 Pro Max 512GB Black Titanium","Asset","Apple-iPhone","iPhone 16 Pro Max 512GB Black Titanium","false","true","iP16ProMax512BT","195949805110"
"false","iPhone 16 Pro Max 512GB Desert Titanium","Asset","Apple-iPhone","iPhone 16 Pro Max 512GB Desert Titanium","false","true","iP16ProMax512DT","195949805103"
"false","iPhone 16 Pro Max 512GB Natural Titanium","Asset","Apple-iPhone","iPhone 16 Pro Max 512GB Natural Titanium","false","true","iP16ProMax512NT","195949805127"
"false","iPhone 16 Pro Max 512GB White Titanium","Asset","Apple-iPhone","iPhone 16 Pro Max 512GB White Titanium","false","true","iP16ProMax512WT","195949805097"
"false","iPhone 16e 128GB Black","Asset","Apple-iPhone","iPhone 16e 128GB Black","false","true","iP16e128B","195950051629"
"false","iPhone 16e 128GB White","Asset","Apple-iPhone","iPhone 16e 128GB White","false","true","iP16e128W","195950051636"
"false","iPhone 16e 256GB Black","Asset","Apple-iPhone","iPhone 16e 256GB Black","false","true","iP16e256B","195950051643"
"false","iPhone 16e 256GB White","Asset","Apple-iPhone","iPhone 16e 256GB White","false","true","iP16e256W","195950051650"
"false","iPhone 16e 512GB Black","Asset","Apple-iPhone","iPhone 16e 512GB Black","false","true","iP16e512B","195950051667"
"false","iPhone 16e 512GB White","Asset","Apple-iPhone","iPhone 16e 512GB White","false","true","iP16e512W","195950051674"
"true","Screen Protector","Item","Accessory","iPhone 16e Screen Protector","false","false","iP16eSP","1232"
"false","iPhone 17 256GB Black","Asset","Apple-iPhone","iPhone 17 256GB Black","false","true","iP17256B","195950642803"
"false","iPhone 17 256GB Lavender","Asset","Apple-iPhone","iPhone 17 256GB Lavender","false","true","iP17256L","195950642841"
"false","iPhone 17 256GB Mist Blue","Asset","Apple-iPhone","iPhone 17 256GB Mist Blue","false","true","iP17256MB","195950642827"
"false","iPhone 17 256GB Sage","Asset","Apple-iPhone","iPhone 17 256GB Sage","false","true","iP17256S","195950642834"
"false","iPhone 17 256GB White","Asset","Apple-iPhone","iPhone 17 256GB White","false","true","iP17256W","195950642810"
"false","iPhone 17 512GB Black","Asset","Apple-iPhone","iPhone 17 512GB Black","false","true","iP17512B","195950642858"
"false","iPhone 17 512GB Lavender","Asset","Apple-iPhone","iPhone 17 512GB Lavender","false","true","iP17512L","195950642889"
"false","iPhone 17 512GB Mist Blue","Asset","Apple-iPhone","iPhone 17 512GB Mist Blue","false","true","iP17512MB","195950642872"
"false","iPhone 17 512GB Sage","Asset","Apple-iPhone","iPhone 17 512GB Sage","false","true","iP17512S","195950642896"
"false","iPhone 17 512GB White","Asset","Apple-iPhone","iPhone 17 512GB White","false","true","iP17512W","195950642865"
"false","iPhone 17 Pro 1TB Cosmic Orange","Asset","Apple-iPhone","iPhone 17 Pro 1TB Cosmic Orange","false","true","iP17Pro1TBCO","195950626230"
"false","iPhone 17 Pro 1TB Deep Blue","Asset","Apple-iPhone","iPhone 17 Pro 1TB Deep Blue","false","true","iP17Pro1TBDB","195950626247"
"false","iPhone 17 Pro 1TB Silver","Asset","Apple-iPhone","iPhone 17 Pro 1TB Silver","false","true","iP17Pro1TBS","195950626223"
"false","iPhone 17 Pro 256GB Cosmic Orange","Asset","Apple-iPhone","iPhone 17 Pro 256GB Cosmic Orange","false","true","iP17Pro256CO","195950626179"
"false","iPhone 17 Pro 256GB Deep Blue","Asset","Apple-iPhone","iPhone 17 Pro 256GB Deep Blue","false","true","iP17Pro256DB","195950626186"
"false","iPhone 17 Pro 256GB Deep Blue","Asset","Apple-iPhone","iPhone 17 Pro 256GB Deep Blue","false","true","iP17Pro256GBDP","400064873471"
"false","iPhone 17 Pro 256GB Silver","Asset","Apple-iPhone","iPhone 17 Pro 256GB Silver","false","true","iP17Pro256S","195950626162"
"false","iPhone 17 Pro 512GB Cosmic Orange","Asset","Apple-iPhone","iPhone 17 Pro 512GB Cosmic Orange","false","true","iP17Pro512CO","195950626209"
"false","iPhone 17 Pro 512GB Deep Blue","Asset","Apple-iPhone","iPhone 17 Pro 512GB Deep Blue","false","true","iP17Pro512DB","195950626216"
"false","iPhone 17 Pro 512GB Silver","Asset","Apple-iPhone","iPhone 17 Pro 512GB Silver","false","true","iP17Pro512S","195950626193"
"false","iPhone 17 Pro Max 1TB Cosmic Orange","Asset","Apple-iPhone","iPhone 17 Pro Max 1TB Cosmic Orange","false","true","iP17ProMax1TBCO","195950638066"
"false","iPhone 17 Pro Max 1TB Blue","Asset","Apple-iPhone","iPhone 17 Pro Max 1TB Deep Blue","false","true","iP17PM1TBDB","195950638073"
"false","iPhone 17 Pro Max 1TB Deep Blue","Asset","Apple-iPhone","iPhone 17 Pro Max 1TB Deep Blue","false","true","iP17ProMax1TBDB","195950638059"
"false","iPhone 17 Pro Max 1TB Silver","Asset","Apple-iPhone","iPhone 17 Pro Max 1TB Silver","false","true","iP17ProMax1TBS","195950638042"
"false","iPhone 17 Pro Max 256GB Cosmic Orange","Asset","Apple-iPhone","iPhone 17 Pro Max 256GB Cosmic Orange","false","true","iP17ProMax256CO","195950638035"
"false","iPhone 17 Pro Max 256GB Deep Blue","Asset","Apple-iPhone","iPhone 17 Pro Max 256GB Deep Blue","false","true","iP17ProMax256DB","195950638011"
"false","iPhone 17 Pro Max 256GB Silver","Asset","Apple-iPhone","iPhone 17 Pro Max 256GB Silver","false","true","iP17ProMax256S","195950637151"
"false","iPhone 17 Pro Max 2TB Cosmic Orange","Asset","Apple-iPhone","iPhone 17 Pro Max 2TB Cosmic Orange","false","true","iP17ProMax2TBCO","195950639094"
"false","iPhone 17 Pro Max 2TB Deep Blue","Asset","Apple-iPhone","iPhone 17 Pro Max 2TB Deep Blue","false","true","iP17ProMax2TBDB","195950639117"
"false","iPhone 17 Pro Max 2TB Silver","Asset","Apple-iPhone","iPhone 17 Pro Max 2TB Silver","false","true","iP17ProMax2TBS","195950639087"
"false","iPhone 17 Pro Max 512GB Cosmic Orange","Asset","Apple-iPhone","iPhone 17 Pro Max 512GB Cosmic Orange","false","true","iP17ProMax512CO","195950639070"
"false","iPhone 17 Pro Max 512GB Deep Blue","Asset","Apple-iPhone","iPhone 17 Pro Max 512GB Deep Blue","false","true","iP17ProMax512DB","195950639056"
"false","iPhone 17 Pro Max 512GB Silver","Asset","Apple-iPhone","iPhone 17 Pro Max 512GB Silver","false","true","iP17ProMax512S","195950639032"
"false","iPhone 17e 256GB Black","Asset","Apple-iPhone","iPhone 17e 256GB Black","false","true","iP17e256B","195951041155"
"false","iPhone 17e 256GB Soft Pink","Asset","Apple-iPhone","iPhone 17e 256GB Soft Pink","false","true","iP17e256SP","195950710021"
"false","iPhone 17e 256GB White","Asset","Apple-iPhone","iPhone 17e 256GB White","false","true","iP17e256W","195951041162"
"false","iPhone 17e 512GB Black","Asset","Apple-iPhone","iPhone 17e 512GB Black","false","true","iP17e512B","195951041193"
"false","iPhone 17e 512GB Soft Pink","Asset","Apple-iPhone","iPhone 17e 512GB Soft Pink","false","true","iP17e512SP","195951041209"
"false","iPhone 17e 512GB White","Asset","Apple-iPhone","iPhone 17e 512GB White","false","true","iP17e512W","195951041216"
"false","iPhone 5 16GB Black & Slate","Asset","Apple-iPhone","iPhone 5 16GB Black & Slate","false","true","iP516B&S","885909599639"
"false","iPhone 6s 16GB Space Gray","Asset","Apple-iPhone","iPhone 6s 16GB Space Gray","false","true","iP6s16SG","x111111111128"
"false","iPhone 7 32GB Space Gray","Asset","Apple-iPhone","iPhone 7 32GB Space Gray","false","true","iP732SG","x111111111128"
"false","iPhone 7 Plus 32GB Space Gray","Asset","Apple-iPhone","iPhone 7 Plus 32GB Space Gray","false","true","iP7+32SG","x111111111128"
"false","iPhone 8 32GB Space Gray","Asset","Apple-iPhone","iPhone 8 32GB Space Gray","false","true","iP832SG","190198451958"
"false","iPhone 8 64GB Space Gray","Asset","Apple-iPhone","iPhone 8 64GB Space Gray","false","true","iP864SG","190198451989"
"false","iPhone Air 1TB Cloud White","Asset","Apple-iPhone","iPhone Air 1TB Cloud White","false","true","iPAir1TBCW","195950651089"
"false","iPhone Air 1TB Light Gold","Asset","Apple-iPhone","iPhone Air 1TB Light Gold","false","true","iPAir1TBLG","195950651096"
"false","iPhone Air 1TB Sky Blue","Asset","Apple-iPhone","iPhone Air 1TB Sky Blue","false","true","iPAir1TBSBlu","195950651102"
"false","iPhone Air 1TB Space Black","Asset","Apple-iPhone","iPhone Air 1TB Space Black","false","true","iPAir1TBSBla","195950651072"
"false","iPhone Air 256GB Cloud White","Asset","Apple-iPhone","iPhone Air 256GB Cloud White","false","true","iPAir256CW","195950621341"
"false","iPhone Air 256GB Light Gold","Asset","Apple-iPhone","iPhone Air 256GB Light Gold","false","true","iPAir256LG","195950651027"
"false","iPhone Air 256GB Sky Blue","Asset","Apple-iPhone","iPhone Air 256GB Sky Blue","false","true","iPAir256SBlu","195950621426"
"false","iPhone Air","Asset","Apple-iPhone","iPhone Air 256GB Space Black","false","true","iPA256GBSB","195950621303"
"false","iPhone Air 256GB Space Black","Asset","Apple-iPhone","iPhone Air 256GB Space Black","false","true","iPAir256SB","195950651003"
"false","iPhone Air 512GB Cloud White","Asset","Apple-iPhone","iPhone Air 512GB Cloud White","false","true","iPAir512CW","195950651010"
"false","iPhone Air 512GB Light Gold","Asset","Apple-iPhone","iPhone Air 512GB Light Gold","false","true","iPAir512LG","195950651058"
"false","iPhone Air 512GB Sky Blue","Asset","Apple-iPhone","iPhone Air 512GB Sky Blue","false","true","iPAir512SBlu","195950651065"
"false","iPhone Air 512GB Space Black","Asset","Apple-iPhone","iPhone Air 512GB Space Black","false","true","iPAir512SBla","195950651041"
"true","iPhone Case","Item","Accessory","iPhone Case: Generic","false","false","iPCG","x111111111135"
"false","iPhone SE-2nd Gen 64GB Midnight","Asset","Apple-iPhone","iPhone SE-2nd Gen 64GB Midnight","false","true","iPSE2nd64M","x111111111128"
"false","iPhone SE 2nd Gen","Asset","Apple-iPhone","iPhone SE-2nd Gen 64GB Red","false","true","iPSE2nd64R","0190199503564"
"false","iPhone SE 2nd Gen","Asset","Apple-iPhone","iPhone SE-2nd Gen 64GB White","false","true","iPSE2nd64W","190199503502"
"false","iPhone SE-3rd Gen 128GB Midnight","Asset","Apple-iPhone","iPhone SE-3rd Gen 128GB Midnight","false","true","iPSE3rd128M","194253012702"
"false","iPhone SE-3rd Gen 128GB Red","Asset","Apple-iPhone","iPhone SE-3rd Gen 128GB Red","false","true","iPSE3rd128R","194253014454"
"false","iPhone SE-3rd Gen 128GB Starlight","Asset","Apple-iPhone","iPhone SE-3rd Gen 128GB Starlight","false","true","iPSE3rd128S","194253014164"
"false","iPhone SE-3rd Gen 256GB Midnight","Asset","Apple-iPhone","iPhone SE-3rd Gen 256GB Midnight","false","true","iPSE3rd256M","194253014744"
"false","iPhone SE-3rd Gen 256GB Red","Asset","Apple-iPhone","iPhone SE-3rd Gen 256GB Red","false","true","iPSE3rd256R","194253015321"
"false","iPhone SE-3rd Gen 256GB Starlight","Asset","Apple-iPhone","iPhone SE-3rd Gen 256GB Starlight","false","true","iPSE3rd256S","194253015031"
"false","iPhone SE-3rd Gen 64GB Midnight","Asset","Apple-iPhone","iPhone SE-3rd Gen 64GB Midnight","false","true","iPSE3rd64M","194253013006"
"false","iPhone SE-3rd Gen 64GB Red","Asset","Apple-iPhone","iPhone SE-3rd Gen 64GB Red","false","true","iPSE3rd64R","194253013587"
"false","iPhone SE-3rd Gen 64GB Starlight","Asset","Apple-iPhone","iPhone SE-3rd Gen 64GB Starlight","false","true","iPSE3rd64S","194253013297"
"false","iPhone X 256GB Silver","Asset","Apple-iPhone","iPhone X 256GB Silver","false","true","iPX256S","190198006059"
"false","iPhone X 256GB Space Gray","Asset","Apple-iPhone","iPhone X 256GB Space Gray","false","true","iPX256SG","190198006042"
"false","iPhone X 64GB Silver","Asset","Apple-iPhone","iPhone X 64GB Silver","false","true","iPX64S","190198006017"
"false","iPhone X 64GB Space Gray","Asset","Apple-iPhone","iPhone X 64GB Space Gray","false","true","iPX64SG","190198006000"
"false","iPhone XR 128GB Black","Asset","Apple-iPhone","iPhone XR 128GB Black","false","true","iPXR128B","190198201082"
"false","iPhone XR 128GB Blue","Asset","Apple-iPhone","iPhone XR 128GB Blue","false","true","iPXR128Blu","190198201112"
"false","iPhone XR 128GB Coral","Asset","Apple-iPhone","iPhone XR 128GB Coral","false","true","iPXR128C","190198778482"
"false","iPhone XR 128GB RED","Asset","Apple-iPhone","iPhone XR 128GB RED","false","true","iPXR128R","190198778468"
"false","iPhone XR 128GB White","Asset","Apple-iPhone","iPhone XR 128GB White","false","true","iPXR128W","190198201099"
"false","iPhone XR 128GB Yellow","Asset","Apple-iPhone","iPhone XR 128GB Yellow","false","true","iPXR128Y","190198201129"
"false","iPhone XR 256GB Black","Asset","Apple-iPhone","iPhone XR 256GB Black","false","true","iPXR256B","194252001045"
"false","iPhone XR 256GB Blue","Asset","Apple-iPhone","iPhone XR 256GB Blue","false","true","iPXR256Blu","194252000996"
"false","iPhone XR 256GB Coral","Asset","Apple-iPhone","iPhone XR 256GB Coral","false","true","iPXR256C","194252001011"
"false","iPhone XR 256GB RED","Asset","Apple-iPhone","iPhone XR 256GB RED","false","true","iPXR256R","194252001028"
"false","iPhone XR 256GB White","Asset","Apple-iPhone","iPhone XR 256GB White","false","true","iPXR256W","194252001038"
"false","iPhone XR 256GB Yellow","Asset","Apple-iPhone","iPhone XR 256GB Yellow","false","true","iPXR256Y","194252000979"
"false","iPhone XR 64GB Black","Asset","Apple-iPhone","iPhone XR 64GB Black","false","true","iPXR64B","190198200603"
"false","iPhone XR 64GB Blue","Asset","Apple-iPhone","iPhone XR 64GB Blue","false","true","iPXR64Blu","190198200634"
"false","iPhone XR 64GB Coral","Asset","Apple-iPhone","iPhone XR 64GB Coral","false","true","iPXR64C","190198900748"
"false","iPhone XR 64GB RED","Asset","Apple-iPhone","iPhone XR 64GB RED","false","true","iPXR64R","190199205153"
"false","iPhone XR 64GB White","Asset","Apple-iPhone","iPhone XR 64GB White","false","true","iPXR64W","190198200610"
"false","iPhone XR 64GB Yellow","Asset","Apple-iPhone","iPhone XR 64GB Yellow","false","true","iPXR64Y","190198200641"
"false","iPhone XS 256GB Gold","Asset","Apple-iPhone","iPhone XS 256GB Gold","false","true","iPXS256G","190198792980"
"false","iPhone XS 256GB Silver","Asset","Apple-iPhone","iPhone XS 256GB Silver","false","true","iPXS256S","190198792799"
"false","iPhone XS 256GB Space Gray","Asset","Apple-iPhone","iPhone XS 256GB Space Gray","false","true","iPXS256SG","190198792607"
"false","iPhone XS 512GB Gold","Asset","Apple-iPhone","iPhone XS 512GB Gold","false","true","iPXS512G","190198793550"
"false","iPhone XS 512GB Silver","Asset","Apple-iPhone","iPhone XS 512GB Silver","false","true","iPXS512S","190198793369"
"false","iPhone XS 512GB Space Gray","Asset","Apple-iPhone","iPhone XS 512GB Space Gray","false","true","iPXS512SG","190198793178"
"false","iPhone XS 64GB Gold","Asset","Apple-iPhone","iPhone XS 64GB Gold","false","true","iPXS64G","190198792416"
"false","iPhone XS 64GB Silver","Asset","Apple-iPhone","iPhone XS 64GB Silver","false","true","iPXS64S","190198792225"
"false","iPhone XS 64GB Space Gray","Asset","Apple-iPhone","iPhone XS 64GB Space Gray","false","true","iPXS64SG","190198792034"
"false","iPhone XS Max 256GB Gold","Asset","Apple-iPhone","iPhone XS Max 256GB Gold","false","true","iPXSMax256G","190198782981"
"false","iPhone XS Max 256GB Silver","Asset","Apple-iPhone","iPhone XS Max 256GB Silver","false","true","iPXSMax256S","190198782790"
"false","iPhone XS Max 256GB Space Gray","Asset","Apple-iPhone","iPhone XS Max 256GB Space Gray","false","true","iPXSMax256SG","190198782608"
"false","iPhone XS Max 512GB Gold","Asset","Apple-iPhone","iPhone XS Max 512GB Gold","false","true","iPXSMax512G","190198783551"
"false","iPhone XS Max 512GB Silver","Asset","Apple-iPhone","iPhone XS Max 512GB Silver","false","true","iPXSMax512S","190198783360"
"false","iPhone XS Max 512GB Space Gray","Asset","Apple-iPhone","iPhone XS Max 512GB Space Gray","false","true","iPXSMax512SG","190198783179"
"false","iPhone XS Max 64GB Gold","Asset","Apple-iPhone","iPhone XS Max 64GB Gold","false","true","iPXSMax64G","190198782417"
"false","iPhone XS Max 64GB Silver","Asset","Apple-iPhone","iPhone XS Max 64GB Silver","false","true","iPXSMax64S","190198782226"
"false","iPhone XS Max 64GB Space Gray","Asset","Apple-iPhone","iPhone XS Max 64GB Space Gray","false","true","iPXSMax64SG","190198782035"
"false","Iridium 9555 Satellite Phone Standard Package","Asset","SATCon Device","Iridium 9555 Satellite Phone Standard Package","false","true","I9555SPStP","x"
"false","Iridium Extreme 9575 Satellite Phone Kit","Asset","SATCon Device","Iridium Extreme 9575 Satellite Phone Kit","false","true","IE9575SPKit","x"
"true","JETech Screen Protector iPhone 16 Pro","Item","Accessory","JETech Tempered Glass iPhone 16 Pro","false","false","JTGiP16P","676327610156"
"true","JETech Tempered Glass iPhone 5.4""","Item","Accessory","JETech Tempered Glass iPhone 5.4""","false","false","JTGiP5.4","X0034UJJUB"
"true","JETech Tempered Glass iPhone 6.1""","Item","Accessory","JETech Tempered Glass iPhone 6.1""","false","false","JTGiP6.1","X002Z7JZCL"
"true","Screen Protector","Item","Accessory","JETech Tempered Glass Screen Protector for iPhone SE3/SE2","false","false","JETTGSPiPSE3/SE2","X002K3VYN3"
"false","Kazuna eTalk 4GB Black","Asset","Basic Phone","Kazuna eTalk 4GB Black","false","true","KT4GBB","850005727037"
"false","Kyocera DuraForce PRO 3 128GB Black","Asset","Android-Phone","Kyocera DuraForce PRO 3 128GB Black","false","true","KDFP3128GBB","25495944112"
"false","Kyocera DuraXV Extreme+ 16GB Black","Asset","Basic Phone","Kyocera DuraXV Extreme+ 16GB Black","false","true","KDXVE+16GBB","25495942149"
"false","Kyocera DuraXV Extreme+ Non Camera 16GB Black","Asset","Basic Phone","Kyocera DuraXV Extreme+ Non Camera 16GB Black","false","true","KDXVE+NC16GBB","25495942156"
"false","Lenovo Tab P11 Plus 11"" 128GB Slate Grey","Asset","Android-Tablet","Lenovo Tab P11 Plus 11"" 128GB Slate Grey","false","true","LTP11P11128SG","195890697192"
"false","LG Stylo 5","Asset","Android-Phone","LG Stylo 5","false","true","LGStylo5",""
"true","Logitech Rugged Folio for iPad 10th Generation, A16","Item","Accessory","Logitech Rugged Folio for iPad 10th Generation, A16","false","false","LRFiPad10","738516304632"
"true","M2M Device","Asset","M2M Device","M2M: Undefined","false","false","M2MU","x111111111120"
"true","MagFit Core Armor Case","Item","Accessory","MagFit Core Armor Case for iPhone 6.6"" New 2025","false","false","MFCACiP6.6N2025","738516045139"
"false","MiFi 4620LE","Asset","Aircard","MiFi 4620LE","false","true","MiFi4620LE",""
"false","MiFi 7730L","Asset","Aircard","MiFi 7730L","false","true","MiFi7730L",""
"false","MiFi 8800L","Asset","Aircard","MiFi 8800L","false","true","MiFi8800L",""
"false","Mifi RG2100","Asset","Aircard","Mifi RG2100","false","true","MiFiRG2100",""
"false","Motorola Edge 2025 256GB Eclipse Wood","Asset","Android-Phone","Motorola Edge 2025 256GB Eclipse Wood","false","true","ME2025256GBEW","840023271112"
"false","Motorola Edge 2025 256GB Midnight Black","Asset","Android-Phone","Motorola Edge 2025 256GB Midnight Black","false","true","ME2025256GBMB","840023271105"
"false","Motorola Edge 2025 256GB Nordic Wood","Asset","Android-Phone","Motorola Edge 2025 256GB Nordic Wood","false","true","ME2025256GBNW","840023271129"
"false","Motorola Moto G Power 128GB Midnight Blue","Asset","Android-Phone","Motorola Moto G Power 128GB Midnight Blue","false","true","MMGP128GBMB","840023259820"
"false","Motorola Moto G Power 128GB Pale Lilac","Asset","Android-Phone","Motorola Moto G Power 128GB Pale Lilac","false","true","MMGP128GBPL","840023259837"
"false","Motorola Razr 2025 256GB Beach Sand","Asset","Android-Phone","Motorola Razr 2025 256GB Beach Sand","false","true","MR2025256GBBS","840023284419"
"false","Motorola Razr 2025 256GB Hot Pink","Asset","Android-Phone","Motorola Razr 2025 256GB Hot Pink","false","true","MR2025256GBHP","840023284426"
"false","Motorola Razr 2025 256GB Midnight Blue","Asset","Android-Phone","Motorola Razr 2025 256GB Midnight Blue","false","true","MR2025256GBMB","840023284433"
"false","Motorola Razr 2025 256GB Spring Green","Asset","Android-Phone","Motorola Razr 2025 256GB Spring Green","false","true","MR2025256GBSpG","840023284440"
"false","Motorola Razr FIFA World Cup 26 256GB Beach Sand","Asset","Android-Phone","Motorola Razr FIFA World Cup 26 256GB Beach Sand","false","true","MRFIFAWC26256GBBS","840023291219"
"false","Motorola Razr FIFA World Cup 26 256GB Hot Pink","Asset","Android-Phone","Motorola Razr FIFA World Cup 26 256GB Hot Pink","false","true","MRFIFAWC26256GBHP","840023291226"
"false","Motorola Razr FIFA World Cup 26 256GB Midnight Blue","Asset","Android-Phone","Motorola Razr FIFA World Cup 26 256GB Midnight Blue","false","true","MRFIFAWC26256GBMB","840023291233"
"false","Motorola Razr FIFA World Cup 26 256GB Spring Green","Asset","Android-Phone","Motorola Razr FIFA World Cup 26 256GB Spring Green","false","true","MRFIFAWC26256GBSpG","840023291240"
"true","NASREIN USB C Charger Block","Item","Accessory","NASREIN USB C Charger Block","false","false","NUCCB","X003AY3BCX"
"false","NETGEAR Nighthawk M6","Asset","Aircard","NETGEAR Nighthawk M6","false","true","NHM6",""
"true","Network Extender","Item","Accessory","Network Extender: Generic","false","false","NetExt123","789658795"
"true","NEWTRENT iPad 8th Gen Case","Item","Accessory","NEWTRENT iPad 8th Gen Case Generic","false","false","NiP8GCG","3333333333444"
"false","Nighthawk M7 Pro Black","Asset","Aircard","Nighthawk M7 Pro Black","false","true","NM7PB","606449169584"
"true","Car Charger","Item","Accessory","Nimble Compact Dual Port Car Charger","false","false","NCDPCC","810090112008"
"true","Nimble Charging Cable","Item","Accessory","Nimble Powerknit USB-C to Lightning 1m","false","false","NPUCL1m","810090110110"
"true","Wall Adapter","Item","Accessory","Nimble Wally Dual Port Wall Charger","false","false","NWDPWC","810090111551"
"true","Nimble 20W USB-C Charger","Item","Accessory","Nimble WALLY SubNano 20W USB-C Charger","false","false","NWSn20","810090111360"
"true","Nimble 30W USB-C Charger","Item","Accessory","Nimble WALLY SubNano 30W USB-C Charger","false","false","NWSn30","810090111377"
"false","Orbic Journey Pro Lite 8GB Dark Gray","Asset","Basic Phone","Orbic Journey Pro Lite 8GB Dark Gray","false","true","OJPL8GBDG","850028362147"
"false","Orbic RC400L Hotspot","Asset","Aircard","Orbic RC400L Hotspot","false","true","OrbicRC400L","111111111987"
"false","Orbic Speed MHS","Asset","Aircard","Orbic Speed MHS","false","true","OrbicSpeedMHS",""
"false","Orbic Speed MiFi","Asset","Aircard","Orbic Speed MiFi","false","true","OSM","853381003500"
"false","Orbic Speed X 5G","Asset","Aircard","Orbic Speed X 5G","false","true","OrbicSpeedX5G",""
"false","Orbic Trophy 128GB Black","Asset","Android-Phone","Orbic Trophy 128GB Black","false","true","OT128GBB","850028362451"
"true","Otterbox Screen Protector iPhone 14 Plus/ 13 Pro Max","Item","Accessory","Otterbox Alpha Glass Screen Protector iPhone 14 Plus/ 13 Pro Max","false","false","OAGSPiP14P/13PM","840262389150"
"true","Otterbox Commuter Case","Item","Accessory","Otterbox Commuter Case","false","false","ODCG","840434734085"
"true","Otterbox Commuter Case","Item","Accessory","Otterbox Commuter Case Galaxy S23","false","false","OBCSGS23","840304712793"
"true","Otterbox Commuter Case","Item","Accessory","Otterbox Commuter Case iPhone 16","false","false","OCCIP16","840434733828"
"true","OtterBox Commuter Case","Item","Accessory","OtterBox Commuter Case iPhone 16","false","false","OBCiP16","840304766758"
"true","Otterbox Commuter Case","Item","Accessory","Otterbox Commuter Case iPhone 16/15","false","false","OCC16","X840304766765"
"true","Otterbox Commuter Case","Item","Accessory","Otterbox Commuter Case iPhone 17","false","false","OCCIP17","840434709564"
"true","Otterbox Commuter Case","Item","Accessory","Otterbox Commuter Case: Generic","false","false","OCCG","x111111111111"
"true","Otterbox Commuter Case","Item","Accessory","OtterBox Commuter Drop+ Case for iPhone SE 3rd and 2nd Gen/8/7","false","false","OBCD+CiPSE32G/8/7","660543403364"
"true","Otterbox Defender Case","Item","Accessory","Otterbox Defender Case Galaxy S21 FE","false","false","OBDSG21FE","840104282182"
"true","Otterbox Defender Case","Item","Accessory","Otterbox Defender Case Galaxy S22","false","false","OBDSGS22","840104297469"
"true","Otterbox Defender Case","Item","Accessory","Otterbox Defender Case Galaxy S23 FE","false","false","OBDSGS23","840304747559"
"true","Otterbox Defender Case","Item","Accessory","Otterbox Defender Case Galaxy S24","false","false","OBDSGS24","840304751921"
"true","Otterbox Defender","Item","Accessory","Otterbox Defender Case iPad A16","false","false","OBDiPA16","840434743025"
"true","Otterbox Defender","Item","Accessory","Otterbox Defender Case iPad Air 4th/5th Gen","false","false","OBDiPAir4th/5th","x111111111122"
"true","Otterbox Defender Case","Item","Apple-iPad","Otterbox Defender Case iPad Pro 11 (M4/M5)","false","false","OBDiPPro11M4","840304758838"
"true","Otterbox Defender iPad Case","Item","Accessory","Otterbox Defender Case iPad Pro 11"" M4/M5","false","false","OBDCiPPM4/M5","840434742363"
"true","Otterbox Defender iPad Case","Item","Accessory","Otterbox Defender Case iPad Pro 11"" M5","false","false","OBDCiPPM5","xxxxxxxx"
"true","Otterbox Defender Case","Item","Accessory","Otterbox Defender Case iPhone 13/14/15","false","false","OBDiP13/iP14/iP15","1234567899"
"true","Otterbox Defender Case","Item","Accessory","Otterbox Defender Case iPhone 16","false","false","ODCiP16","840434733866"
"true","Otterbox Defender Case","Item","Accessory","Otterbox Defender Case iPhone 16e/17e","false","false","OBDiP16","840304782963"
"true","Otterbox Defender","Item","Accessory","Otterbox Defender Case iPhone 17","false","false","OBDiP17","x111111111124"
"true","Otterbox Defender Case","Item","Accessory","Otterbox Defender Case iPhone 17","false","false","ODCiP17","840434754069"
"true","Otterbox Defender Case","Item","Accessory","Otterbox Defender Case iPhone 17 Pro","false","false","OBDCiP17Pro","x111111111128"
"true","Otterbox Defender Case","Item","Accessory","Otterbox Defender Case iPhone 17 Pro","false","false","ODCiP17P","840434754106"
"true","Otterbox Defender Case","Item","Accessory","Otterbox Defender Case iPhone 17e/16e/15/14/13","false","false","OBDCiP17e/16e/15/14/13","840434741144"
"true","Otterbox Defender Case","Item","Accessory","Otterbox Defender Case iPhone 7 Plus/8 Plus","false","false","OBDiP7+/iP8+","1234567899"
"true","Otterbox Defender Case","Item","Accessory","Otterbox Defender Case: Generic","false","false","ODBG","x111111111111"
"true","Otterbox Case iPhone SE 3rd/SE 2nd Gen/8/7","Item","Accessory","Otterbox Defender iPhone SE 3rd/SE 2nd Gen/8/7","false","false","ODiPSE3/SE2/8/7","660543408871"
"true","Otterbox Defender Case","Item","Accessory","Otterbox Defender Pro Case iPad A16/10th Gen","false","false","OBDPCiPA16/10G","849944090919"
"true","OtterBox Defender Pro Case for iPhone 17 Pro Max","Item","Accessory","OtterBox Defender Pro for iPhone 17 Pro Max","false","false","OBDPIP17PM","840434754168"
"true","Otterbox Defender Pro for Samsung Galaxy S23","Item","Accessory","Otterbox Defender Pro for Samsung Galaxy S23","false","false","OBDpGalaxyS23","840304712311"
"true","Otterbox Case","Item","Accessory","Otterbox Defender Pro Galaxy S25/S24","false","false","ODPGS25S24","840434734009"
"true","Otterbox Case","Item","Accessory","Otterbox Defender Pro Galaxy XCover6 Pro","false","false","ODPGXP","840304726615"
"true","Otterbox Defender Pro iPad Pro 13-inch","Item","Accessory","Otterbox Defender Pro iPad Pro 13-inch","false","false","ODPiPP13","840304758821"
"true","Otterbox Case","Item","Accessory","Otterbox Defender Pro iPhone 12 / Pro","false","false","OBDiP12/P","840104230558"
"true","Otterbox Case iPhone 16 Pro Max","Item","Accessory","Otterbox Defender Pro iPhone 16 Pro Max","false","false","ODPiP16PM","849944092449"
"true","Otterbox Case iPhone 16e/15/14/13","Item","Accessory","Otterbox Defender Pro iPhone 16e/15/14/13","false","false","ODPiP16e/15/14/13","840304731244"
"true","Otterbox Samsung Galaxy S22 Case","Item","Accessory","Otterbox Defender Pro Samsung Galaxy S22 Blue","false","false","ODPSGS22B","840104266984"
"true","Otterbox Samsung Galaxy S23 Ultra Case","Item","Accessory","Otterbox Defender Pro Samsung Galaxy S23 Ultra","false","false","ODPSGS23U","840304712502"
"true","Otterbox Case iPhone 14 Plus","Item","Accessory","Otterbox Defender Pro XT iPhone 14 Plus","false","false","ODPXTiP14P","840262387552"
"true","Otterbox Case 15 Plus/16 Plus","Item","Accessory","Otterbox Defense Pro iPhone Case 15 Plus/16 Plus","false","false","ODPiC15P/16P","840434733842"
"true","Screen Protector","Item","Apple-iPhone","Otterbox Glass Screen Protector for iPhone 17e/16e/14/13/13 Pro","false","false","OBSPiP17e/16e/14/13/13Pro","840434707362"
"true","Otterbox Case","Item","Accessory","Otterbox iPhone 16 Case","false","false","OiP16C","840434706662"
"true","Otterbox Car Charger Kit","Item","Accessory","Otterbox Premium Pro Car Charger Kit","false","false","OPPCCK","840304711109"
"true","Otterbox iPhone 16e/15/14/13 Case","Item","Accessory","Otterbox Profile Case iPhone 16e/15/14/13","false","false","OPCiP16e/15/14/13","840304797240"
"true","Otterbox Screen Protector iPhone","Item","Accessory","Otterbox Screen Protector iPhone","false","false","OSPiP","840304743391"
"true","Otterbox Symmetry Case","Item","Accessory","Otterbox Symmetry Case for iPhone 17","false","false","OSCfiP17","840434733385"
"true","Otterbox Symmetry Case for Samsung Galaxy S20 FE","Item","Accessory","Otterbox Symmetry Case for Samsung Galaxy S20 FE","false","false","OBSGalaxyS20FE","840104237533"
"true","Otterbox Symmetry Case","Item","Accessory","Otterbox Symmetry Case iPhone 17 Pro","false","false","OSC17Pro","X840434733569"
"true","Otterbox Symmetry Case","Item","Accessory","Otterbox Symmetry Case: Generic","false","false","OSCG","x111111111111"
"true","Otterbox Symmetry","Item","Accessory","Otterbox Symmetry for iPhone 17 Pro","false","false","OSFiP17P","840434733620"
"true","Otterbox Case iPhone 16","Item","Accessory","Otterbox Symmetry iPhone 16","false","false","OSiP16","840304771240"
"true","Otterbox Symmetry Case","Item","Accessory","Otterbox Symmetry iPhone 16 Case","false","false","OBSiPC16","840434733965"
"true","Otterbox Case iPhone SE 3rd/SE 2nd/8/7","Item","Accessory","Otterbox Symmetry iPhone SE 3rd/SE 2nd/8/7","false","false","OSiPSE3rd/SE2nd/8/7","660543408918"
"true","Wall Adapter","Item","Accessory","Otterbox Wall Adapter","false","false","OBWA","840304706457"
"true","Pelican Protector Case","Item","Accessory","Pelican Protector Case: Generic","false","false","PPCG","x111111111111"
"true","Pelican iPhone 17 Case","Item","Accessory","Pelican Protector iPhone 17","false","false","PPiP17","840171755879"
"true","Pelican Protector Case","Item","Accessory","Pelican Protector iPhone Case 17e/16e/15/14/13","false","false","PPiPC17e16e151413","849944086868"
"true","Pelican Protector Magnetic Case for iPhone 16","Item","Accessory","Pelican Protector Magnetic Case for iPhone 16","false","false","PPMCiP16","849944092036"
"true","Pelican Voyager Case for iPhone 6.6""","Item","Accessory","Pelican Voyager Case for iPhone 6.6"" New (2025)","false","false","PVC-iPh6.6-2025","840171755688"
"true","Pelican Voyager Case","Item","Accessory","Pelican Voyager Case iPhone 13/14/15/16e","false","false","PVCiP13/iP14/iP15/iP16e","1234567899"
"true","Pelican Voyager Case","Item","Accessory","Pelican Voyager Case: iPhone 16e/15/14/13","false","false","PVCG","840171749724"
"true","Pelican iPhone 16e/15/14/13 Case","Item","Accessory","Pelican Voyager iPhone 16e/15/14/13","false","false","PViP16e/15/14/13","840171756722"
"true","Pelican Voyager Magnetic Case","Item","Accessory","Pelican Voyager Magnetic Case for iPhone 16e/15/14/13","false","false","PVMCiP","849944097055"
"false","Pixel 10 128GB Aloe","Asset","Android-Phone","Pixel 10 128GB Aloe","false","true","P10128GBA","840353952263"
"false","Pixel 10 128GB Obsidian","Asset","Android-Phone","Pixel 10 128GB Obsidian","false","true","P10128GBO","840353952140"
"false","Pixel 10 128GB Porcelain","Asset","Android-Phone","Pixel 10 128GB Porcelain","false","true","P10128GBP","840353952188"
"false","Pixel 10 128GB Willow","Asset","Android-Phone","Pixel 10 128GB Willow","false","true","P10128GBW","840353952225"
"false","Pixel 10 256GB Aloe","Asset","Android-Phone","Pixel 10 256GB Aloe","false","true","P10256GBA","840353952270"
"false","Pixel 10 256GB Obsidian","Asset","Android-Phone","Pixel 10 256GB Obsidian","false","true","P10256GBO","840353952157"
"false","Pixel 10 256GB Porcelain","Asset","Android-Phone","Pixel 10 256GB Porcelain","false","true","P10256GBP","840353952195"
"false","Pixel 10 256GB Willow","Asset","Android-Phone","Pixel 10 256GB Willow","false","true","P10256GBW","840353952232"
"false","Pixel 10 Pro 128GB Hazel","Asset","Android-Phone","Pixel 10 Pro 128GB Hazel","false","true","P10P128GBH","840353954199"
"false","Pixel 10 Pro 128GB Moonstone","Asset","Android-Phone","Pixel 10 Pro 128GB Moonstone","false","true","P10P128GBM","840353954113"
"false","Pixel 10 Pro 128GB Obsidian","Asset","Android-Phone","Pixel 10 Pro 128GB Obsidian","false","true","P10P128GBO","840353954151"
"false","Pixel 10 Pro 128GB Sage","Asset","Android-Phone","Pixel 10 Pro 128GB Sage","false","true","P10P128GBS","840353954236"
"false","Pixel 10 Pro 1TB Hazel","Asset","Android-Phone","Pixel 10 Pro 1TB Hazel","false","true","P10P1TBH","840353954229"
"false","Pixel 10 Pro 1TB Moonstone","Asset","Android-Phone","Pixel 10 Pro 1TB Moonstone","false","true","P10P1TBM","840353954144"
"false","Pixel 10 Pro 1TB Obsidian","Asset","Android-Phone","Pixel 10 Pro 1TB Obsidian","false","true","P10P1TBO","840353954182"
"false","Pixel 10 Pro 256GB Hazel","Asset","Android-Phone","Pixel 10 Pro 256GB Hazel","false","true","P10P256GBH","840353954205"
"false","Pixel 10 Pro 256GB Moonstone","Asset","Android-Phone","Pixel 10 Pro 256GB Moonstone","false","true","P10P256GBM","840353954120"
"false","Pixel 10 Pro 256GB Obsidian","Asset","Android-Phone","Pixel 10 Pro 256GB Obsidian","false","true","P10P256GBO","840353954168"
"false","Pixel 10 Pro 256GB Sage","Asset","Android-Phone","Pixel 10 Pro 256GB Sage","false","true","P10P256GBS","840353954243"
"false","Pixel 10 Pro 512GB Hazel","Asset","Android-Phone","Pixel 10 Pro 512GB Hazel","false","true","P10P512GBH","840353954212"
"false","Pixel 10 Pro 512GB Moonstone","Asset","Android-Phone","Pixel 10 Pro 512GB Moonstone","false","true","P10P512GBM","840353954137"
"false","Pixel 10 Pro 512GB Obsidian","Asset","Android-Phone","Pixel 10 Pro 512GB Obsidian","false","true","P10P512GBO","840353954175"
"false","Pixel 10 Pro 512GB Sage","Asset","Android-Phone","Pixel 10 Pro 512GB Sage","false","true","P10P512GBS","840353954250"
"false","Pixel 10 Pro Fold 256GB Gold","Asset","Android-Phone","Pixel 10 Pro Fold 256GB Gold","false","true","P10PF256GBG","840353958159"
"false","Pixel 10 Pro Fold 256GB Obsidian","Asset","Android-Phone","Pixel 10 Pro Fold 256GB Obsidian","false","true","P10PF256GBO","840353958111"
"false","Pixel 10 Pro Fold 256GB Porcelain","Asset","Android-Phone","Pixel 10 Pro Fold 256GB Porcelain","false","true","P10PF256GBP","840353958135"
"false","Pixel 10 Pro Fold 512GB Gold","Asset","Android-Phone","Pixel 10 Pro Fold 512GB Gold","false","true","P10PF512GBG","840353958166"
"false","Pixel 10 Pro Fold 512GB Obsidian","Asset","Android-Phone","Pixel 10 Pro Fold 512GB Obsidian","false","true","P10PF512GBO","840353958128"
"false","Pixel 10 Pro Fold 512GB Porcelain","Asset","Android-Phone","Pixel 10 Pro Fold 512GB Porcelain","false","true","P10PF512GBP","840353958142"
"false","Pixel 10 Pro XL 128GB Hazel","Asset","Android-Phone","Pixel 10 Pro XL 128GB Hazel","false","true","P10PXL128GBH","840353956193"
"false","Pixel 10 Pro XL 128GB Moonstone","Asset","Android-Phone","Pixel 10 Pro XL 128GB Moonstone","false","true","P10PXL128GBM","840353956117"
"false","Pixel 10 Pro XL 128GB Obsidian","Asset","Android-Phone","Pixel 10 Pro XL 128GB Obsidian","false","true","P10PXL128GBO","840353956155"
"false","Pixel 10 Pro XL 128GB Sage","Asset","Android-Phone","Pixel 10 Pro XL 128GB Sage","false","true","P10PXL128GBS","840353956230"
"false","Pixel 10 Pro XL 1TB Hazel","Asset","Android-Phone","Pixel 10 Pro XL 1TB Hazel","false","true","P10PXL1TBH","840353956223"
"false","Pixel 10 Pro XL 1TB Moonstone","Asset","Android-Phone","Pixel 10 Pro XL 1TB Moonstone","false","true","P10PXL1TBM","840353956148"
"false","Pixel 10 Pro XL 1TB Obsidian","Asset","Android-Phone","Pixel 10 Pro XL 1TB Obsidian","false","true","P10PXL1TBO","840353956186"
"false","Pixel 10 Pro XL 256GB Hazel","Asset","Android-Phone","Pixel 10 Pro XL 256GB Hazel","false","true","P10PXL256GBH","840353956209"
"false","Pixel 10 Pro XL 256GB Moonstone","Asset","Android-Phone","Pixel 10 Pro XL 256GB Moonstone","false","true","P10PXL256GBM","840353956124"
"false","Pixel 10 Pro XL 256GB Obsidian","Asset","Android-Phone","Pixel 10 Pro XL 256GB Obsidian","false","true","P10PXL256GBO","840353956162"
"false","Pixel 10 Pro XL 256GB Sage","Asset","Android-Phone","Pixel 10 Pro XL 256GB Sage","false","true","P10PXL256GBS","840353956247"
"false","Pixel 10 Pro XL 512GB Hazel","Asset","Android-Phone","Pixel 10 Pro XL 512GB Hazel","false","true","P10PXL512GBH","840353956216"
"false","Pixel 10 Pro XL 512GB Moonstone","Asset","Android-Phone","Pixel 10 Pro XL 512GB Moonstone","false","true","P10PXL512GBM","840353956131"
"false","Pixel 10 Pro XL 512GB Obsidian","Asset","Android-Phone","Pixel 10 Pro XL 512GB Obsidian","false","true","P10PXL512GBO","840353956179"
"false","Pixel 10 Pro XL 512GB Sage","Asset","Android-Phone","Pixel 10 Pro XL 512GB Sage","false","true","P10PXL512GBS","840353956254"
"false","Pixel 10a 128GB Coral","Asset","Android-Phone","Pixel 10a 128GB Coral","false","true","P10a128GBC","840353961210"
"false","Pixel 10a 128GB Obsidian","Asset","Android-Phone","Pixel 10a 128GB Obsidian","false","true","P10a128GBO","840353961159"
"false","Pixel 10a 128GB Porcelain","Asset","Android-Phone","Pixel 10a 128GB Porcelain","false","true","P10a128GBP","840353961173"
"false","Pixel 10a 128GB Sky","Asset","Android-Phone","Pixel 10a 128GB Sky","false","true","P10a128GBS","840353961197"
"false","Pixel 10a 256GB Coral","Asset","Android-Phone","Pixel 10a 256GB Coral","false","true","P10a256GBC","840353961227"
"false","Pixel 10a 256GB Obsidian","Asset","Android-Phone","Pixel 10a 256GB Obsidian","false","true","P10a256GBO","840353961166"
"false","Pixel 10a 256GB Porcelain","Asset","Android-Phone","Pixel 10a 256GB Porcelain","false","true","P10a256GBP","840353961180"
"false","Pixel 10a 256GB Sky","Asset","Android-Phone","Pixel 10a 256GB Sky","false","true","P10a256GBS","840353961203"
"false","Pixel 8 Pro 128GB Bay","Asset","Android-Phone","Pixel 8 Pro 128GB Bay","false","true","P8P128GBB","840354101943"
"false","Pixel 8 Pro 128GB Mint","Asset","Android-Phone","Pixel 8 Pro 128GB Mint","false","true","P8P128GBM","840354102148"
"false","Pixel 8 Pro 128GB Obsidian","Asset","Android-Phone","Pixel 8 Pro 128GB Obsidian","false","true","P8P128GBO","840354101868"
"false","Pixel 8 Pro 128GB Porcelain","Asset","Android-Phone","Pixel 8 Pro 128GB Porcelain","false","true","P8P128GBP","840354101905"
"false","Pixel 8 Pro 1TB Bay","Asset","Android-Phone","Pixel 8 Pro 1TB Bay","false","true","P8P1TBB","840354101974"
"false","Pixel 8 Pro 1TB Obsidian","Asset","Android-Phone","Pixel 8 Pro 1TB Obsidian","false","true","P8P1TBO","840354101899"
"false","Pixel 8 Pro 1TB Porcelain","Asset","Android-Phone","Pixel 8 Pro 1TB Porcelain","false","true","P8P1TBP","840354101936"
"false","Pixel 8 Pro 256GB Bay","Asset","Android-Phone","Pixel 8 Pro 256GB Bay","false","true","P8P256GBB","840354101950"
"false","Pixel 8 Pro 256GB Mint","Asset","Android-Phone","Pixel 8 Pro 256GB Mint","false","true","P8P256GBM","840354102155"
"false","Pixel 8 Pro 256GB Obsidian","Asset","Android-Phone","Pixel 8 Pro 256GB Obsidian","false","true","P8P256GBO","840354101875"
"false","Pixel 8 Pro 256GB Porcelain","Asset","Android-Phone","Pixel 8 Pro 256GB Porcelain","false","true","P8P256GBP","840354101912"
"false","Pixel 8 Pro 512GB Bay","Asset","Android-Phone","Pixel 8 Pro 512GB Bay","false","true","P8P512GBB","840354101967"
"false","Pixel 8 Pro 512GB Mint","Asset","Android-Phone","Pixel 8 Pro 512GB Mint","false","true","P8P512GBM","840354102162"
"false","Pixel 8 Pro 512GB Obsidian","Asset","Android-Phone","Pixel 8 Pro 512GB Obsidian","false","true","P8P512GBO","840354101882"
"false","Pixel 8 Pro 512GB Porcelain","Asset","Android-Phone","Pixel 8 Pro 512GB Porcelain","false","true","P8P512GBP","840354101929"
"false","Pixel 9 128GB Obsidian","Asset","Android-Phone","Pixel 9 128GB Obsidian","false","true","P9128GBO","840353911093"
"false","Pixel 9 128GB Porcelain","Asset","Android-Phone","Pixel 9 128GB Porcelain","false","true","P9128GBP","840353911130"
"false","Pixel 9 128GB Wintergreen","Asset","Android-Phone","Pixel 9 128GB Wintergreen","false","true","P9128GBW","840353911175"
"false","Pixel 9 256GB Obsidian","Asset","Android-Phone","Pixel 9 256GB Obsidian","false","true","P9256GBO","840353911109"
"false","Pixel 9 256GB Peony","Asset","Android-Phone","Pixel 9 256GB Peony","false","true","P9256GBPe","840353911229"
"false","Pixel 9 256GB Porcelain","Asset","Android-Phone","Pixel 9 256GB Porcelain","false","true","P9256GBP","840353911147"
"false","Pixel 9 256GB Wintergreen","Asset","Android-Phone","Pixel 9 256GB Wintergreen","false","true","P9256GBW","840353911182"
"false","Pixel 9 Pro 128GB Hazel","Asset","Android-Phone","Pixel 9 Pro 128GB Hazel","false","true","P9P128GBH","840353912588"
"false","Pixel 9 Pro 128GB Obsidian","Asset","Android-Phone","Pixel 9 Pro 128GB Obsidian","false","true","P9P128GBO","840353912441"
"false","Pixel 9 Pro 128GB Porcelain","Asset","Android-Phone","Pixel 9 Pro 128GB Porcelain","false","true","P9P128GBP","840353912519"
"false","Pixel 9 Pro 128GB Rose Quartz","Asset","Android-Phone","Pixel 9 Pro 128GB Rose Quartz","false","true","P9P128GBRQ","840353912656"
"false","Pixel 9 Pro 1TB Hazel","Asset","Android-Phone","Pixel 9 Pro 1TB Hazel","false","true","P9P1TBH","840353912618"
"false","Pixel 9 Pro 1TB Obsidian","Asset","Android-Phone","Pixel 9 Pro 1TB Obsidian","false","true","P9P1TBO","840353912472"
"false","Pixel 9 Pro 1TB Porcelain","Asset","Android-Phone","Pixel 9 Pro 1TB Porcelain","false","true","P9P1TBP","840353912540"
"false","Pixel 9 Pro 256GB Hazel","Asset","Android-Phone","Pixel 9 Pro 256GB Hazel","false","true","P9P256GBH","840353912595"
"false","Pixel 9 Pro 256GB Obsidian","Asset","Android-Phone","Pixel 9 Pro 256GB Obsidian","false","true","P9P256GBO","840353912458"
"false","Pixel 9 Pro 256GB Porcelain","Asset","Android-Phone","Pixel 9 Pro 256GB Porcelain","false","true","P9P256GBP","840353912526"
"false","Pixel 9 Pro 256GB Rose Quartz","Asset","Android-Phone","Pixel 9 Pro 256GB Rose Quartz","false","true","P9P256GBRQ","840353912663"
"false","Pixel 9 Pro 512GB Hazel","Asset","Android-Phone","Pixel 9 Pro 512GB Hazel","false","true","P9P512GBH","840353912601"
"false","Pixel 9 Pro 512GB Obsidian","Asset","Android-Phone","Pixel 9 Pro 512GB Obsidian","false","true","P9P512GBO","840353912465"
"false","Pixel 9 Pro 512GB Porcelain","Asset","Android-Phone","Pixel 9 Pro 512GB Porcelain","false","true","P9P512GBP","840353912533"
"false","Pixel 9 Pro 512GB Rose Quartz","Asset","Android-Phone","Pixel 9 Pro 512GB Rose Quartz","false","true","P9P512GBRQ","840353912670"
"false","Pixel 9 Pro XL 128GB Hazel","Asset","Android-Phone","Pixel 9 Pro XL 128GB Hazel","false","true","P9PXL128GBH","840353914254"
"false","Pixel 9 Pro XL 128GB Obsidian","Asset","Android-Phone","Pixel 9 Pro XL 128GB Obsidian","false","true","P9PXL128GBO","840353914117"
"false","Pixel 9 Pro XL 128GB Porcelain","Asset","Android-Phone","Pixel 9 Pro XL 128GB Porcelain","false","true","P9PXL128GBP","840353914186"
"false","Pixel 9 Pro XL 128GB Rose Quartz","Asset","Android-Phone","Pixel 9 Pro XL 128GB Rose Quartz","false","true","P9PXL128GBRQ","840353914322"
"false","Pixel 9 Pro XL 1TB Hazel","Asset","Android-Phone","Pixel 9 Pro XL 1TB Hazel","false","true","P9PXL1TBH","840353914285"
"false","Pixel 9 Pro XL 1TB Obsidian","Asset","Android-Phone","Pixel 9 Pro XL 1TB Obsidian","false","true","P9PXL1TBO","840353914148"
"false","Pixel 9 Pro XL 1TB Porcelain","Asset","Android-Phone","Pixel 9 Pro XL 1TB Porcelain","false","true","P9PXL1TBP","840353914216"
"false","Pixel 9 Pro XL 256GB Hazel","Asset","Android-Phone","Pixel 9 Pro XL 256GB Hazel","false","true","P9PXL256GBH","840353914261"
"false","Pixel 9 Pro XL 256GB Obsidian","Asset","Android-Phone","Pixel 9 Pro XL 256GB Obsidian","false","true","P9PXL256GBO","840353914124"
"false","Pixel 9 Pro XL 256GB Porcelain","Asset","Android-Phone","Pixel 9 Pro XL 256GB Porcelain","false","true","P9PXL256GBP","840353914193"
"false","Pixel 9 Pro XL 256GB Rose Quartz","Asset","Android-Phone","Pixel 9 Pro XL 256GB Rose Quartz","false","true","P9PXL256GBRQ","840353914339"
"false","Pixel 9 Pro XL 512GB Hazel","Asset","Android-Phone","Pixel 9 Pro XL 512GB Hazel","false","true","P9PXL512GBH","840353914278"
"false","Pixel 9 Pro XL 512GB Obsidian","Asset","Android-Phone","Pixel 9 Pro XL 512GB Obsidian","false","true","P9PXL512GBO","840353914131"
"false","Pixel 9 Pro XL 512GB Porcelain","Asset","Android-Phone","Pixel 9 Pro XL 512GB Porcelain","false","true","P9PXL512GBP","840353914209"
"false","Pixel 9 Pro XL 512GB Rose Quartz","Asset","Android-Phone","Pixel 9 Pro XL 512GB Rose Quartz","false","true","P9PXL512GBRQ","840353914346"
"false","Pixel 9a 128GB Iris","Asset","Android-Phone","Pixel 9a 128GB Iris","false","true","P9a128GBI","840353945159"
"false","Pixel 9a 128GB Obsidian","Asset","Android-Phone","Pixel 9a 128GB Obsidian","false","true","P9a128GBO","840353945111"
"false","Pixel 9a 128GB Peony","Asset","Android-Phone","Pixel 9a 128GB Peony","false","true","P9a128GBPe","840353945173"
"false","Pixel 9a 128GB Porcelain","Asset","Android-Phone","Pixel 9a 128GB Porcelain","false","true","P9a128GBP","840353945135"
"false","Pixel 9a 256GB Iris","Asset","Android-Phone","Pixel 9a 256GB Iris","false","true","P9a256GBI","840353945166"
"false","Pixel 9a 256GB Obsidian","Asset","Android-Phone","Pixel 9a 256GB Obsidian","false","true","P9a256GBO","840353945128"
"false","Pixel 9a 256GB Peony","Asset","Android-Phone","Pixel 9a 256GB Peony","false","true","P9a256GBPe","840353945180"
"false","Pixel 9a 256GB Porcelain","Asset","Android-Phone","Pixel 9a 256GB Porcelain","false","true","P9a256GBP","840353945142"
"true","Power Bank for Starlink Mini","Item","Accessory","Power Bank for Starlink Mini","false","false","PBankforMini","x"
"true","PureGear Utility Phone Case for iPhone 16","Item","Accessory","PureGear Utility Phone Case for iPhone 16","false","false","PGUtilCaseiPh16","810156308246"
"true","Recycling","Item","Accessory","Recycling","false","false","Recycling","123456789876"
"true","Return Label","Asset","Accessory","Return Label","false","false","RETURNLABEL","RETURNLABEL"
"true","Rokform Case","Item","Accessory","Rokform Case iP13/iP14/iP15/16E","false","false","RokformiP13/iP14/iP15/16E","812515033059"
"true","Rokform Swivel Dash Mount","Item","Accessory","Rokform Swivel Dash Mount","false","false","RfSDM","817667019654"
"true","Rugged Case for Samsung Galaxy Tab Active2","Item","Accessory","Rugged Case for Samsung Galaxy Tab Active2","false","false","GalaxyTabA2Case","987654321012"
"true","Samsung Power Adapter","Item","Accessory","Samsung 25W Power Adapter","false","false","S25WPA","887276780344"
"true","Samsung Galaxy Note 8 64GB Black","Asset","Android-Phone","Samsung Galaxy Note 8 64GB Black","false","false","SGN864GBB","x111111111125"
"false","Samsung Galaxy S23 FE","Asset","Android-Phone","Samsung Galaxy S23 FE 128GB Graphite","false","true","SGS23FE128GBG","887276784847"
"false","Samsung Galaxy S25 128GB Black","Asset","Android-Phone","Samsung Galaxy S25 128GB Black","false","true","SGS25128B","x111111111113"
"false","Samsung Galaxy S25","Asset","Android-Phone","Samsung Galaxy S25 128GB Navy","false","true","SGS25128GBN","887276921655"
"false","Samsung Galaxy S25 FE Jetblack 128GB","Asset","Android-Phone","Samsung Galaxy S25 FE Jetblack 128GB","false","true","SGS25FEJ128GB","198957218651"
"false","Samsung Galaxy S25 Ultra 256GB Black","Asset","Android-Phone","Samsung Galaxy S25 Ultra 256GB Black","false","true","SGUS25256GBB","x111111111126"
"false","Samsung Galaxy Tab A7 Lite","Asset","Android-Tablet","Samsung Galaxy Tab A7 Lite","false","true","SGTA7Lite","x111111111113"
"false","Samsung Galaxy Tab A9","Asset","Android-Tablet","Samsung Galaxy Tab A9","false","true","SGTA9","887276991665"
"true","SatCon Device","Asset","SATCon Device","SatCon: Undefined","false","false","SatConU","x111111111121"
"true","Screen Protector","Item","Accessory","Screen Protector iPhone 15/16","false","false","iP15/iP16SP","1234567899"
"true","Screen Protector","Item","Accessory","Screen Protector: Generic","false","false","SPG","x111111111116"
"true","SEYMAC Case","Item","Accessory","SEYMAC Samsung Galaxy Tab A11 Case","false","false","SSGTabA11C","x111111111128"
"true","SEYMAC Case","Item","Accessory","SEYMAC Samsung Galaxy Tab A7 Lite Case","false","false","SSGTabA7C","X002X4GFZL"
"true","SEYMAC Case","Item","Accessory","SEYMAC Samsung Galaxy Tab A9 8.7"" Case","false","false","SSGTabA98.7C","1234567899"
"true","SEYMAC Samsung Tablet Case","Item","Accessory","SEYMAC Samsung Tablet Case S9 FE 10.9"" / S9 11""","false","false","SSTCSF10.9""/S11""","X003XA4JPH"
"true","SEYMAC Case","Item","Accessory","SEYMAC stock case for Samsung Galaxy Tab 8.7""","false","false","SMACSCFSGT8.7""","X003ZYETPB"
"true","SEYMAC Case","Item","Accessory","SEYMAC stock case for Samsung Galaxy Tab A11","false","false","SMACSCFSGTA11","X004UT6COV"
"true","Shokz Bluetooth Headset","Item","Accessory","Shokz Opencomm 2 Bluetooth Headset","false","false","SOC2BTH","810160663232"
"true","Sim Card","Item","Accessory","Sim Card: Generic","false","false","SCG","x111111111111"
"false","Siyata SD7 16GB Black","Asset","Basic Phone","Siyata SD7 16GB Black","false","true","SSD716GBB","850024471010"
"true","Smartphone","Asset","Android-Phone","Smartphone: Undefined","false","false","SPU","x111111111117"
"false","Sonim H500 5G","Asset","Android-Phone","Sonim H500 5G","false","true","SonimH5005G","096962278571"
"false","Sonim XP Pro 128GB Black","Asset","Android-Phone","Sonim XP Pro 128GB Black","false","true","SXPP128GBB","96962277154"
"true","Speck Case","Item","Accessory","Speck Case: Generic","false","false","SPCS","x15976597321"
"true","Speck Presidio 2 Grip Case","Item","Accessory","Speck Presidio 2 Grip Case for iPhone 17e/16e/15/14/13","false","false","SP2GCfiP17e/16e/15/14/13","849944094467"
"true","Speck Presidio 2 Grip for iPhone 16","Item","Accessory","Speck Presidio 2 Grip for iPhone 16","false","false","SP2GiPh16","840168542826"
"true","Speck iPhone 16e/15/14/13 Case","Item","Accessory","Speck Presidio Perfect-Clear iPhone 16e/15/14/13","false","false","SPPCiP16e/15/14/13","849944087599"
"true","Spigen Case","Item","Accessory","Spigen Case iPhone 15","false","false","SCiP15","738516579955"
"true","Spigen Case","Item","Accessory","Spigen Case: Generic","false","false","SpigenCG","123456789"
"true","Spigen Case","Item","Accessory","spigen Core Armor case for iPhone 15","false","false","SCACFiP15","ARCHIVE"
"false","Starlink Enterprise Terminal","Asset","SATCon Device","Starlink Enterprise Terminal","false","true","SlET","x"
"true","Starlink Flat High Performance Pipe Adapter","Item","Accessory","Starlink Flat High Performance Pipe Adapter","false","false","FlatHPPA","x"
"false","Starlink Gen 3 Mesh Router","Asset","SATCon Device","Starlink Gen 3 Mesh Router","false","true","SlGen3MR","x"
"true","Starlink Gen 3 Router Mount","Item","Accessory","Starlink Gen 3 Router Mount","false","false","Gen3RM","x"
"true","Starlink High Performance Pipe & Mounting Kit","Item","Accessory","Starlink High Performance Pipe & Mounting Kit","false","false","HPP&MKit","x"
"true","Starlink Mini Bolt On Roof Mount","Item","Accessory","Starlink Mini Bolt On Roof Mount","false","false","MiniBOnRM","x"
"true","Starlink Mini Magnetic Mount","Item","Accessory","Starlink Mini Magnetic Mount","false","false","MiniMM","x"
"true","Starlink Mini Pole Rail Mount","Item","Accessory","Starlink Mini Pole Rail Mount","false","false","MiniPRM","x"
"false","Starlink Mini Terminal","Asset","SATCon Device","Starlink Mini Terminal","false","true","SlMiniT","x"
"false","Starlink Performance Gen 3","Asset","SATCon Device","Starlink Performance Gen 3","false","true","SlPGen3","x"
"false","Starlink Standard 4","Asset","SATCon Device","Starlink Standard 4","false","true","SlSt4","x"
"false","Starlink Standard 4 X","Asset","SATCon Device","Starlink Standard 4 X","false","true","SlSt4X","x"
"true","Starlink Standard Gen 3 Magnetic Mount","Item","Accessory","Starlink Standard Gen 3 Magnetic Mount","false","false","StGen3MM","x"
"true","Starlink Standard Pipe Adapter","Item","Accessory","Starlink Standard Pipe Adapter","false","false","StPA","x"
"true","Starlink Standard Pivot Mount - OEM","Item","Accessory","Starlink Standard Pivot Mount - OEM","false","false","StPM-OEM","x"
"true","Starlink Standard Wall Mount - OEM","Item","Accessory","Starlink Standard Wall Mount - OEM","false","false","StWM-OEM","x"
"true","StarTech USB-C Cable 2M","Item","Accessory","StarTech USB-C Cable 2M","false","false","STUCC2M","065030879736"
"false","Surface Pro - Snapdragon X Plus (11th) 256GB Black","Asset","Android-Tablet","Surface Pro - Snapdragon X Plus (11th) 256GB Black","false","true","SP-SXP(11th)256GBB","889842189469"
"false","Surface Pro - Snapdragon X Plus (11th) 256GB Platinum","Asset","Android-Tablet","Surface Pro - Snapdragon X Plus (11th) 256GB Platinum","false","true","SP-SXP(11th)256GBP","889842189445"
"false","Surface Pro - Snapdragon X Plus (11th) 512GB Black","Asset","Android-Tablet","Surface Pro - Snapdragon X Plus (11th) 512GB Black","false","true","SP-SXP(11th)512GBB","889842189476"
"false","Surface Pro - Snapdragon X Plus (11th) 512GB Dune","Asset","Android-Tablet","Surface Pro - Snapdragon X Plus (11th) 512GB Dune","false","true","SP-SXP(11th)512GBD","889842189490"
"false","Surface Pro - Snapdragon X Plus (11th) 512GB Platinum","Asset","Android-Tablet","Surface Pro - Snapdragon X Plus (11th) 512GB Platinum","false","true","SP-SXP(11th)512GBP","889842189452"
"false","Surface Pro - Snapdragon X Plus (11th) 512GB Sapphire","Asset","Android-Tablet","Surface Pro - Snapdragon X Plus (11th) 512GB Sapphire","false","true","SP-SXP(11th)512GBS","889842189483"
"false","Surface Pro 10 - Intel Core Ultra 5 256GB Black","Asset","Android-Tablet","Surface Pro 10 - Intel Core Ultra 5 256GB Black","false","true","SP10ICU5256GBB","889842153033"
"false","Surface Pro 10 - Intel Core Ultra 5 256GB Platinum","Asset","Android-Tablet","Surface Pro 10 - Intel Core Ultra 5 256GB Platinum","false","true","SP10ICU5256GBP","889842153019"
"false","Surface Pro 10 - Intel Core Ultra 5 512GB Black","Asset","Android-Tablet","Surface Pro 10 - Intel Core Ultra 5 512GB Black","false","true","SP10ICU5512GBB","889842153040"
"false","Surface Pro 10 - Intel Core Ultra 5 512GB Platinum","Asset","Android-Tablet","Surface Pro 10 - Intel Core Ultra 5 512GB Platinum","false","true","SP10ICU5512GBP","889842153026"
"false","Surface Pro 10 - Intel Core Ultra 7 1TB Black","Asset","Android-Tablet","Surface Pro 10 - Intel Core Ultra 7 1TB Black","false","true","SP10ICU71TBB","889842154160"
"false","Surface Pro 10 - Intel Core Ultra 7 1TB Platinum","Asset","Android-Tablet","Surface Pro 10 - Intel Core Ultra 7 1TB Platinum","false","true","SP10ICU71TBP","889842154139"
"false","Surface Pro 10 - Intel Core Ultra 7 256GB Black","Asset","Android-Tablet","Surface Pro 10 - Intel Core Ultra 7 256GB Black","false","true","SP10ICU7256GBB","889842154146"
"false","Surface Pro 10 - Intel Core Ultra 7 256GB Platinum","Asset","Android-Tablet","Surface Pro 10 - Intel Core Ultra 7 256GB Platinum","false","true","SP10ICU7256GBP","889842154115"
"false","Surface Pro 10 - Intel Core Ultra 7 512GB Black","Asset","Android-Tablet","Surface Pro 10 - Intel Core Ultra 7 512GB Black","false","true","SP10ICU7512GBB","889842154153"
"false","Surface Pro 10 - Intel Core Ultra 7 512GB Platinum","Asset","Android-Tablet","Surface Pro 10 - Intel Core Ultra 7 512GB Platinum","false","true","SP10ICU7512GBP","889842154122"
"true","T-Mobile SIM","Item","Accessory","T-Mobile SIM Card","false","false","TMSC","610214664761"
"true","Tablet","Asset","Android-Tablet","Tablet: Undefined","false","false","TU","x111111111119"
"false","TCL FLIP 3 16GB Black","Asset","Basic Phone","TCL FLIP 3 16GB Black","false","true","TCLF316GBB","889063032111"
"false","TCL FLIP 3 Voice & Text Only 16GB Black","Asset","Basic Phone","TCL FLIP 3 Voice & Text Only 16GB Black","false","true","TCLF3V&TO16GBB","889063032128"
"false","TCL K33 5G","Asset","Android-Phone","TCL K33 5G","false","true","TCLK335G","889063533744"
"false","TCL Linkzone 5G","Asset","Aircard","TCL Linkzone 5G","false","true","TCL Linkzone 5G","889063521789"
"true","Sim Card","Item","Accessory","TMO Sim Card","false","false","TMOSIM","x111111111128"
"true","Torras iPhone 12 Mini Case","Item","Accessory","Torras iPhone 12 Mini Case","false","false","TiP12MC","X002YD94ZJ"
"true","Torras iPhone 13 Case","Item","Accessory","Torras iPhone 13 Case","false","false","TiP13C","X003CNC7FJ"
"true","Torras iPhone 13 Mini Case","Item","Accessory","Torras iPhone 13 Mini Case","false","false","TiP13MC","X002W477I1"
"true","UAG Case","Item","Accessory","UAG Case: Generic","false","false","UAGCG","x111111111111"
"true","UAG iPad Case","Item","Accessory","UAG iPad A16/10th Gen Enterprise Case","false","false","UAGiPA1610GEC","840283913310"
"true","UAG iPad Case","Item","Accessory","UAG Metropolis With Handstrap For iPad Pro 11"" M4","false","false","UAGMWHFiPP11M4","738516063232"
"true","UAG Pathfinder Case for iPhone 17e/16e","Item","Accessory","UAG Pathfinder Case for iPhone 17e/16e","false","false","UAGPC17E16E","849944098380"
"true","UAG Pathfinder Case for Samsung Galaxy S20 FE","Item","Accessory","UAG Pathfinder Case for Samsung Galaxy S20 FE","false","false","UagPfGalaxyS20FE","812451037937"
"true","UAG Case","Item","Accessory","UAG Plasma XTE Case with MagSafe iPhone 16","false","false","UAGXTEC16","X840283915086"
"true","Wall Adapter","Item","Accessory","UAG SRGE 30W 2-Port Wall Charger","false","false","UAGSRGE30W2PWC","archive"
"true","Wall Adapter","Item","Accessory","UAG Wall Adapter","false","false","UAGWA","840283925399"
"true","USB C Charging Bundle","Item","Accessory","USB C Charger Bundle: Generic","false","false","USCBCB","x111111111128"
"true","Wall Adapter","Item","Accessory","USB Wall Charger","false","false","USBBAC","x111111111128"
"true","Charging Cable","Item","Accessory","USB-A to Lightning Charging Cord","false","false","USB-ATLCC","11234567899"
"true","Wall Adapter","Item","Accessory","USB-C Power Adapter","false","false","USBCAC","1234567899"
"true","Charging Cord","Item","Accessory","USB-C to USB-C Charging Cord","false","false","USBCC","1234567899"
"true","Wall Adapter","Item","Accessory","USB-C Wall Charger","false","false","UCWC","x1111111111299"
"true","Verizon Wall Adapter","Item","Accessory","Verizon 20W USB-C Wall Adapter","false","false","V2UWA","810090111087"
"true","Verizon Charging Cable 10'","Item","Accessory","Verizon Charging Cable USB-C to USB-A 10'","false","false","VCCUCtUA10'","097738608622"
"true","Sim Card","Item","Accessory","VZW Sim Card","false","false","VZWSIM","840168005093"
"true","Wall Adapter","Item","Accessory","Wall Charger: Generic","false","false","WCG","x111111111113"
"true","ZAGG Anti-Glare SP 15P/16P","Item","Accessory","ZAGG Anti-Glare Elite Screen Protector iPhone 15P/16P","false","false","ZAGESPi15P/16P","840390330413"
"true","Zagg iPad Case","Asset","Accessory","Zagg Crystal Palace with Folio iPad A16/10th Gen","false","false","ZCPwFiPA16/10thG","840390340368"
"true","Zagg Screen Protector","Item","Accessory","Zagg Glass Elite iPhone 16/15","false","false","ZGEiP16/15","840390318145"
"true","Zagg iPad Pro 11"" & iPad Air Screen Protector","Item","Accessory","Zagg Glass Elite Visionguard iPad Pro 11"" (4th/3rd/2nd/1st Gen) iPad Air (5th/4th Gen)","false","false","ZGEViPP11(4/3/2/1G)iPA(5/4G)","840056145375"
"true","Zagg Screen Protector","Item","Accessory","Zagg Glass Elite Visionguard iPhone SE/8/7/6s/6","false","false","ZGEViPSE/8/7/6s/6","840056120143"
"true","Screen Protector","Item","Accessory","Zagg Glass XTR4 iPhone 16/15","false","false","ZGSP16","840390317261"
"true","Screen Protector","Item","Accessory","ZAGG Invisible Shield Elite For iPhone 17e/16e/14/13/13 Pro","false","false","ZISGEFiP17e/16e/14/13/13 Pro","840390353344"
"true","Screen Protector","Item","Accessory","ZAGG Invisible Shield Glass Elite Anti-Glare For iPhone 16/15","false","false","ZISGEAGFiP16/15","840390330406"
"true","Screen Protector","Item","Accessory","ZAGG Invisible Shield Glass Elite+ For iPhone 17e/16e/14/13/13 Pro","false","false","ZSPiP17e/16e/14/13/13Pro","849944097369"
"true","ZAGG Shield GSP iP15/16","Item","Accessory","ZAGG Invisible Shield Glass Screen Protector iPhone 15/16","false","false","ZISGSPiP15/16","840390367426"
"true","Zagg Screen Protector iPhone 14/13/13 Pro","Item","Accessory","Zagg Invisible Shield Glass XTR2 iPhone 14/13/13 Pro","false","false","ZIGXiP14/13/13P","840056167261"
"true","Zagg Screen Protector","Item","Accessory","Zagg Invisible Shield iPad A16/10th Gen","false","false","ZISiPA16/10thG","840390354211"
"true","Zagg Screen Protector","Item","Accessory","Zagg Invisible Shield iPhone 15","false","false","ZISiP15","840056183452"
"true","Zagg Liquid Screen Protector","Item","Accessory","Zagg Invisible Shield Liquid Defense +","false","false","ZISLD+","840056173262"
"true","Zagg screen protector for iPhone 16/15","Item","Accessory","Zagg Invisible Shield Perfect Fit for iPhone 16/15","false","false","ZISPFiP16/15","849944097376"
"true","Zagg iPad Pro 11"" M4 Screen Protector","Item","Accessory","Zagg Invisible Shield Privacy iPad Pro 11"" M4","false","false","ZISPiPP11""M4","840390314192"
"true","Zagg Screen Protector For Google Pixel 9 Pro Fold","Item","Accessory","ZAGG Invisible Shield XTR3 For Google Pixel 9 Pro Fold","false","false","ZISXTR3GP9PF","840390324351"
"true","ZAGG Screen Protector For Samsung S24","Item","Accessory","ZAGG Invisible Shield XTR3 For Samsung S24","false","false","ZISXTR3S24","840390305428"
"true","Zagg iPad Pro 11"" M4 Screen Protector","Item","Accessory","Zagg Invisible Shield XTR3 iPad Pro 11"" M4","false","false","ZISiPP11M","840390333322"
"true","Screen Protector","Item","Accessory","ZAGG Invisible Shield XTR4 For iPad Pro 11"" M4","false","false","ZISXTR4FiPPM4","840390378385"
"true","Screen Protector","Item","Accessory","ZAGG Invisible Shield XTR4 For iPhone 16/15","false","false","ZISXTR4FiP16/15","840390318220"
"true","Screen Protector","Item","Accessory","ZAGG Invisible Shield XTR4 For iPhone 17e/16e/14/13/13 Pro","false","false","ZISGXTR4FiP17e/16e/14/13/13 Pro","840390351432"
"true","ZAGG Screen Protector iPhone 15 Plus/16 Plus","Item","Accessory","ZAGG Invisible Shield XTR4 Screen Protector iPhone 15 Plus/16 Plus","false","false","ZISXSPiP15P/16P","840390318237"
"true","ZAGG Screen Protector +Camera Lens Protector for iPhone 16","Item","Accessory","ZAGG Invisible Shield XTR4+Camera Lens Protector for iPhone 16","false","false","ZISXTR4+CLPiP16","840390318305"
"true","Zagg Screen Protector iPhone 17 Pro Max","Item","Accessory","ZAGG Invisible Shield XTR5 For iPhone 17 Pro Max","false","false","ZISXTR5IP17PM","840390357298"
"true","Screen Protector","Item","Accessory","ZAGG Invisible Shield XTR5 for iPhone 17Pro","false","false","ZAGGISXTR5iP17P","840390357281"
"false","Screen Protector","Item","Accessory","ZAGG Invisible Shield XTR5 For iPhone 6.6"" New 2025","false","false","ZAGGISXTR5iP6.6N2025","840390357274"
"true","Zagg Lens Protector","Item","Accessory","Zagg Lens Protection iPhone 2025","false","false","ZLPiP2025","840390353887"
"true","Screen Protector","Item","Accessory","Zagg Lens Protector iPhone 16/15","false","false","ZGSPL16","840390317261A"
"true","ZAGG Pro Keys for iPad (10th Gen)","Item","Accessory","ZAGG Pro Keys for iPad (10th Gen)","false","false","ZPKiPad10","840056174153"
"true","Zagg Keyboard Case","Item","Accessory","ZAGG Rugged Keyboard Case iPad A16","false","false","ZRKCiPadA16","840056181854"
"true","Screen Protector","Item","Accessory","Zagg Screen Protector for iPhone 17","false","false","ZSP","840390357267"
"true","Screen Protector","Item","Accessory","Zagg Screen Protector iPhone 16 Plus","false","false","ZSPiP16+","840390318312"
